<DATE>	<TIME>	<OPEN>	<HIGH>	<LOW>	<CLOSE>	<TICKVOL>	<VOL>	<SPREAD>
2020.10.27	00:00:00	74.638	74.670	74.610	74.660	956	0	20
2020.10.27	01:00:00	74.659	74.686	74.584	74.596	1105	0	20
2020.10.27	02:00:00	74.597	74.740	74.547	74.719	2948	0	20
2020.10.27	03:00:00	74.718	74.733	74.600	74.635	2743	0	20
2020.10.27	04:00:00	74.636	74.723	74.636	74.708	2431	0	20
2020.10.27	05:00:00	74.708	74.709	74.641	74.685	1660	0	20
2020.10.27	06:00:00	74.685	74.737	74.675	74.716	1366	0	20
2020.10.27	07:00:00	74.716	74.762	74.704	74.713	2076	0	20
2020.10.27	08:00:00	74.713	74.776	74.675	74.720	2191	0	20
2020.10.27	09:00:00	74.721	74.725	74.660	74.702	2479	0	20
2020.10.27	10:00:00	74.702	74.733	74.551	74.596	3764	0	20
2020.10.27	11:00:00	74.595	74.600	74.488	74.518	3023	0	20
2020.10.27	12:00:00	74.518	74.601	74.501	74.599	2629	0	20
2020.10.27	13:00:00	74.600	74.672	74.565	74.632	2415	0	20
2020.10.27	14:00:00	74.631	74.671	74.611	74.633	1832	0	20
2020.10.27	15:00:00	74.634	74.652	74.522	74.549	3217	0	20
2020.10.27	16:00:00	74.549	74.583	74.450	74.570	3202	0	20
2020.10.27	17:00:00	74.570	74.610	74.509	74.593	3055	0	20
2020.10.27	18:00:00	74.593	74.613	74.552	74.580	1932	0	20
2020.10.27	19:00:00	74.579	74.616	74.560	74.577	1544	0	20
2020.10.27	20:00:00	74.576	74.584	74.502	74.507	1283	0	20
2020.10.27	21:00:00	74.507	74.551	74.485	74.530	1290	0	20
2020.10.27	22:00:00	74.530	74.546	74.351	74.425	1321	0	20
2020.10.27	23:00:00	74.310	74.433	74.233	74.414	1474	0	20
2020.10.28	00:00:00	74.410	74.425	74.316	74.375	1988	0	20
2020.10.28	01:00:00	74.374	74.470	74.328	74.458	1562	0	20
2020.10.28	02:00:00	74.458	74.465	74.318	74.416	3244	0	20
2020.10.28	03:00:00	74.417	74.522	74.380	74.469	2997	0	20
2020.10.28	04:00:00	74.469	74.484	74.383	74.390	2625	0	20
2020.10.28	05:00:00	74.389	74.455	74.353	74.441	1361	0	20
2020.10.28	06:00:00	74.440	74.488	74.431	74.462	1404	0	20
2020.10.28	07:00:00	74.462	74.621	74.438	74.553	1882	0	20
2020.10.28	08:00:00	74.554	74.567	74.479	74.510	2493	0	20
2020.10.28	09:00:00	74.510	74.519	74.344	74.371	3788	0	20
2020.10.28	10:00:00	74.371	74.372	74.194	74.298	5320	0	20
2020.10.28	11:00:00	74.297	74.343	74.022	74.045	4153	0	20
2020.10.28	12:00:00	74.045	74.050	73.799	73.800	3844	0	20
2020.10.28	13:00:00	73.797	73.870	73.643	73.802	3962	0	20
2020.10.28	14:00:00	73.802	73.834	73.618	73.740	3823	0	20
2020.10.28	15:00:00	73.739	73.751	73.620	73.651	4339	0	20
2020.10.28	16:00:00	73.650	73.685	73.381	73.474	5547	0	20
2020.10.28	17:00:00	73.474	73.740	73.438	73.713	4387	0	20
2020.10.28	18:00:00	73.713	73.741	73.598	73.635	2955	0	20
2020.10.28	19:00:00	73.634	73.643	73.547	73.618	2641	0	20
2020.10.28	20:00:00	73.617	73.667	73.547	73.640	2551	0	20
2020.10.28	21:00:00	73.640	73.642	73.453	73.487	3005	0	20
2020.10.28	22:00:00	73.487	73.509	73.448	73.468	1139	0	20
2020.10.28	23:00:00	73.509	73.617	73.460	73.516	1831	0	20
2020.10.29	00:00:00	73.494	73.634	73.486	73.534	1015	0	20
2020.10.29	01:00:00	73.536	73.597	73.475	73.583	1706	0	20
2020.10.29	02:00:00	73.584	73.751	73.576	73.688	3699	0	20
2020.10.29	03:00:00	73.690	73.826	73.670	73.809	3569	0	20
2020.10.29	04:00:00	73.809	73.809	73.685	73.702	1585	0	20
2020.10.29	05:00:00	73.702	73.815	73.672	73.807	1544	0	20
2020.10.29	06:00:00	73.807	73.831	73.734	73.735	1276	0	20
2020.10.29	07:00:00	73.735	73.768	73.713	73.760	1844	0	20
2020.10.29	08:00:00	73.760	73.844	73.715	73.761	2115	0	20
2020.10.29	09:00:00	73.761	73.822	73.595	73.611	3854	0	20
2020.10.29	10:00:00	73.611	73.684	73.411	73.461	5133	0	20
2020.10.29	11:00:00	73.461	73.540	73.255	73.273	3872	0	20
2020.10.29	12:00:00	73.271	73.364	73.236	73.334	3637	0	20
2020.10.29	13:00:00	73.334	73.338	73.192	73.213	3867	0	20
2020.10.29	14:00:00	73.214	73.387	73.212	73.297	4005	0	20
2020.10.29	15:00:00	73.296	73.379	73.126	73.343	6687	0	20
2020.10.29	16:00:00	73.344	73.609	73.326	73.554	5217	0	20
2020.10.29	17:00:00	73.554	73.571	73.301	73.328	4798	0	20
2020.10.29	18:00:00	73.328	73.427	73.304	73.367	3700	0	20
2020.10.29	19:00:00	73.366	73.435	73.315	73.430	2317	0	20
2020.10.29	20:00:00	73.430	73.591	73.429	73.516	2276	0	20
2020.10.29	21:00:00	73.516	73.670	73.516	73.605	2580	0	20
2020.10.29	22:00:00	73.605	73.641	73.481	73.502	1703	0	20
2020.10.29	23:00:00	73.522	73.548	73.500	73.546	734	0	20
2020.10.30	00:00:00	73.522	73.532	73.453	73.523	1199	0	20
2020.10.30	01:00:00	73.523	73.590	73.509	73.571	1635	0	20
2020.10.30	02:00:00	73.570	73.601	73.480	73.553	3537	0	20
2020.10.30	03:00:00	73.554	73.697	73.493	73.660	3943	0	20
2020.10.30	04:00:00	73.659	73.676	73.608	73.616	2017	0	20
2020.10.30	05:00:00	73.615	73.641	73.588	73.602	1667	0	20
2020.10.30	06:00:00	73.603	73.629	73.481	73.492	1757	0	20
2020.10.30	07:00:00	73.492	73.513	73.151	73.224	4986	0	20
2020.10.30	08:00:00	73.223	73.294	73.134	73.197	3600	0	20
2020.10.30	09:00:00	73.203	73.382	73.189	73.283	4424	0	20
2020.10.30	10:00:00	73.285	73.418	73.285	73.399	5265	0	20
2020.10.30	11:00:00	73.400	73.562	73.361	73.531	4655	0	20
2020.10.30	12:00:00	73.530	73.532	73.411	73.490	3829	0	20
2020.10.30	13:00:00	73.490	73.580	73.487	73.553	3886	0	20
2020.10.30	14:00:00	73.553	73.835	73.491	73.820	4371	0	20
2020.10.30	15:00:00	73.820	73.911	73.702	73.732	6053	0	20
2020.10.30	16:00:00	73.732	73.746	73.553	73.561	6423	0	20
2020.10.30	17:00:00	73.559	73.740	73.366	73.408	7756	0	20
2020.10.30	18:00:00	73.408	73.601	73.366	73.496	5491	0	20
2020.10.30	19:00:00	73.496	73.505	73.376	73.451	2615	0	20
2020.10.30	20:00:00	73.452	73.581	73.411	73.572	2472	0	20
2020.10.30	21:00:00	73.572	73.598	73.544	73.583	3132	0	20
2020.10.30	22:00:00	73.583	73.611	73.531	73.561	1163	0	20
2020.11.02	00:00:00	73.407	73.533	73.385	73.422	986	0	20
2020.11.02	01:00:00	73.425	73.508	73.173	73.277	2855	0	20
2020.11.02	02:00:00	73.276	73.434	73.271	73.333	3915	0	20
2020.11.02	03:00:00	73.333	73.549	73.305	73.507	3704	0	20
2020.11.02	04:00:00	73.507	73.526	73.382	73.441	2729	0	20
2020.11.02	05:00:00	73.441	73.448	73.392	73.407	1911	0	20
2020.11.02	06:00:00	73.408	73.443	73.272	73.293	2268	0	20
2020.11.02	07:00:00	73.294	73.415	73.291	73.352	2023	0	20
2020.11.02	08:00:00	73.351	73.474	73.221	73.354	2997	0	20
2020.11.02	09:00:00	73.354	73.483	73.324	73.483	3947	0	20
2020.11.02	10:00:00	73.483	73.515	73.361	73.483	5257	0	20
2020.11.02	11:00:00	73.482	73.652	73.464	73.607	3881	0	20
2020.11.02	12:00:00	73.608	73.666	73.554	73.643	3091	0	20
2020.11.02	13:00:00	73.642	73.763	73.614	73.731	3165	0	20
2020.11.02	14:00:00	73.732	73.741	73.642	73.676	2770	0	20
2020.11.02	15:00:00	73.675	73.800	73.675	73.764	3109	0	20
2020.11.02	16:00:00	73.765	73.859	73.721	73.821	4083	0	20
2020.11.02	17:00:00	73.823	73.926	73.741	73.755	4959	0	20
2020.11.02	18:00:00	73.755	73.838	73.737	73.813	2486	0	20
2020.11.02	19:00:00	73.813	73.860	73.779	73.807	2141	0	20
2020.11.02	20:00:00	73.807	73.823	73.762	73.795	2071	0	20
2020.11.02	21:00:00	73.795	73.918	73.793	73.887	2148	0	20
2020.11.02	22:00:00	73.886	73.949	73.886	73.942	2266	0	20
2020.11.02	23:00:00	73.942	73.944	73.876	73.914	745	0	20
2020.11.03	00:00:00	73.844	73.898	73.806	73.848	1047	0	20
2020.11.03	01:00:00	73.848	73.889	73.847	73.850	1172	0	20
2020.11.03	02:00:00	73.850	73.968	73.850	73.904	1612	0	20
2020.11.03	03:00:00	73.904	73.946	73.788	73.934	2505	0	20
2020.11.03	04:00:00	73.934	73.936	73.778	73.843	2255	0	20
2020.11.03	05:00:00	73.843	73.934	73.666	73.770	2774	0	20
2020.11.03	06:00:00	73.770	73.770	73.604	73.613	1268	0	20
2020.11.03	07:00:00	73.613	73.791	73.599	73.751	1736	0	20
2020.11.03	08:00:00	73.749	73.813	73.683	73.727	1804	0	20
2020.11.03	09:00:00	73.728	73.933	73.673	73.917	3540	0	20
2020.11.03	10:00:00	73.917	74.292	73.876	74.287	4393	0	20
2020.11.03	11:00:00	74.286	74.662	74.246	74.588	4356	0	20
2020.11.03	12:00:00	74.588	74.602	74.435	74.467	2484	0	20
2020.11.03	13:00:00	74.467	74.703	74.465	74.677	3716	0	20
2020.11.03	14:00:00	74.677	74.750	74.603	74.618	3224	0	20
2020.11.03	15:00:00	74.619	74.780	74.544	74.570	4459	0	20
2020.11.03	16:00:00	74.571	74.705	74.571	74.607	4973	0	20
2020.11.03	17:00:00	74.607	74.968	74.596	74.916	6166	0	20
2020.11.03	18:00:00	74.914	75.004	74.801	74.805	4671	0	20
2020.11.03	19:00:00	74.805	74.882	74.771	74.802	2154	0	20
2020.11.03	20:00:00	74.804	74.839	74.724	74.740	2586	0	20
2020.11.03	21:00:00	74.740	74.744	74.652	74.681	2240	0	20
2020.11.03	22:00:00	74.682	74.792	74.623	74.722	2518	0	20
2020.11.03	23:00:00	74.723	74.937	74.685	74.855	2670	0	20
2020.11.04	00:00:00	74.778	74.939	74.642	74.923	1547	0	20
2020.11.04	01:00:00	74.924	75.373	74.924	75.227	5368	0	20
2020.11.04	02:00:00	75.228	75.461	74.570	74.606	9582	0	20
2020.11.04	03:00:00	74.606	74.973	74.574	74.671	8883	0	20
2020.11.04	04:00:00	74.671	74.759	74.151	74.449	10660	0	20
2020.11.04	05:00:00	74.450	74.992	74.450	74.636	8941	0	20
2020.11.04	06:00:00	74.636	74.754	74.422	74.474	6840	0	20
2020.11.04	07:00:00	74.472	74.759	74.409	74.564	7630	0	20
2020.11.04	08:00:00	74.564	74.658	74.304	74.434	5436	0	20
2020.11.04	09:00:00	74.434	74.468	74.066	74.273	6795	0	20
2020.11.04	10:00:00	74.271	74.427	74.199	74.245	6857	0	20
2020.11.04	11:00:00	74.244	74.559	74.194	74.436	5250	0	20
2020.11.04	12:00:00	74.436	74.519	74.237	74.418	4846	0	20
2020.11.04	13:00:00	74.417	74.548	74.339	74.491	4414	0	20
2020.11.04	14:00:00	74.491	74.816	74.442	74.794	7349	0	20
2020.11.04	15:00:00	74.794	74.822	74.540	74.568	6009	0	20
2020.11.04	16:00:00	74.568	74.683	74.440	74.656	6263	0	20
2020.11.04	17:00:00	74.660	74.815	74.605	74.794	6382	0	20
2020.11.04	18:00:00	74.793	75.124	74.685	75.068	5682	0	20
2020.11.04	19:00:00	75.069	75.141	75.015	75.057	4490	0	20
2020.11.04	20:00:00	75.057	75.190	74.998	75.064	3658	0	20
2020.11.04	21:00:00	75.064	75.103	74.993	75.076	3277	0	20
2020.11.04	22:00:00	75.077	75.107	74.922	74.975	3732	0	20
2020.11.04	23:00:00	74.975	75.089	74.966	75.010	2045	0	20
2020.11.05	00:00:00	74.993	75.050	74.842	74.892	1869	0	20
2020.11.05	01:00:00	74.892	75.049	74.852	74.977	2124	0	20
2020.11.05	02:00:00	74.977	74.993	74.724	74.789	4449	0	20
2020.11.05	03:00:00	74.790	74.836	74.682	74.728	4789	0	20
2020.11.05	04:00:00	74.729	74.773	74.555	74.728	4209	0	20
2020.11.05	05:00:00	74.729	74.864	74.715	74.818	3728	0	20
2020.11.05	06:00:00	74.817	74.835	74.685	74.715	2464	0	20
2020.11.05	07:00:00	74.714	74.850	74.647	74.762	2708	0	20
2020.11.05	08:00:00	74.762	74.867	74.732	74.817	2830	0	20
2020.11.05	09:00:00	74.817	75.039	74.792	75.023	5779	0	20
2020.11.05	10:00:00	75.021	75.249	74.976	75.040	6183	0	20
2020.11.05	11:00:00	75.039	75.229	74.986	75.173	4931	0	20
2020.11.05	12:00:00	75.173	75.221	75.046	75.123	4449	0	20
2020.11.05	13:00:00	75.122	75.184	75.036	75.119	4727	0	20
2020.11.05	14:00:00	75.119	75.333	75.086	75.209	5729	0	20
2020.11.05	15:00:00	75.208	75.208	74.947	75.132	6518	0	20
2020.11.05	16:00:00	75.132	75.206	75.030	75.147	6000	0	20
2020.11.05	17:00:00	75.148	75.404	75.148	75.372	7156	0	20
2020.11.05	18:00:00	75.372	75.403	75.252	75.301	5049	0	20
2020.11.05	19:00:00	75.302	75.378	75.215	75.350	3425	0	20
2020.11.05	20:00:00	75.350	75.436	75.333	75.401	2726	0	20
2020.11.05	21:00:00	75.401	75.451	75.328	75.393	3963	0	20
2020.11.05	22:00:00	75.394	75.403	75.195	75.384	3966	0	20
2020.11.05	23:00:00	75.385	75.441	75.371	75.391	1749	0	20
2020.11.06	00:00:00	75.328	75.351	75.157	75.203	1027	0	21
2020.11.06	01:00:00	75.197	75.340	75.163	75.234	3329	0	20
2020.11.06	02:00:00	75.232	75.362	75.175	75.205	5289	0	20
2020.11.06	03:00:00	75.206	75.341	75.180	75.305	5592	0	20
2020.11.06	04:00:00	75.304	75.305	75.153	75.212	4964	0	20
2020.11.06	05:00:00	75.212	75.226	74.960	74.988	4215	0	20
2020.11.06	06:00:00	74.989	75.184	74.980	75.088	3115	0	20
2020.11.06	07:00:00	75.088	75.190	75.087	75.176	3225	0	20
2020.11.06	08:00:00	75.176	75.293	75.167	75.205	3029	0	20
2020.11.06	09:00:00	75.205	75.242	75.112	75.242	3337	0	20
2020.11.06	10:00:00	75.246	75.339	75.103	75.112	4802	0	20
2020.11.06	11:00:00	75.112	75.198	75.022	75.130	4385	0	20
2020.11.06	12:00:00	75.128	75.186	75.073	75.120	4414	0	20
2020.11.06	13:00:00	75.120	75.209	75.033	75.036	3581	0	20
2020.11.06	14:00:00	75.035	75.062	74.890	74.977	4394	0	20
2020.11.06	15:00:00	74.976	75.100	74.913	75.089	6069	0	20
2020.11.06	16:00:00	75.089	75.247	74.991	75.093	8604	0	20
2020.11.06	17:00:00	75.095	75.219	75.050	75.073	6576	0	20
2020.11.06	18:00:00	75.075	75.146	75.044	75.075	4651	0	20
2020.11.06	19:00:00	75.075	75.119	75.019	75.086	3082	0	20
2020.11.06	20:00:00	75.086	75.116	75.031	75.047	1693	0	20
2020.11.06	21:00:00	75.047	75.079	74.999	75.003	1395	0	20
2020.11.06	22:00:00	75.004	75.045	74.959	74.968	2537	0	20
2020.11.06	23:00:00	74.968	75.052	74.963	75.039	1005	0	20
2020.11.09	00:00:00	75.178	75.211	75.060	75.143	1945	0	27
2020.11.09	01:00:00	75.143	75.294	75.075	75.224	4062	0	20
2020.11.09	02:00:00	75.224	75.253	75.081	75.124	4434	0	20
2020.11.09	03:00:00	75.124	75.263	75.108	75.254	5170	0	20
2020.11.09	04:00:00	75.254	75.336	75.207	75.305	2646	0	20
2020.11.09	05:00:00	75.307	75.340	75.253	75.330	2197	0	20
2020.11.09	06:00:00	75.331	75.475	75.320	75.426	2252	0	20
2020.11.09	07:00:00	75.425	75.558	75.412	75.542	2538	0	20
2020.11.09	08:00:00	75.540	75.556	75.413	75.461	2662	0	20
2020.11.09	09:00:00	75.461	75.533	75.345	75.405	3390	0	20
2020.11.09	10:00:00	75.404	75.499	75.318	75.345	4591	0	20
2020.11.09	11:00:00	75.345	75.536	75.322	75.388	4130	0	20
2020.11.09	12:00:00	75.388	75.481	75.357	75.474	2349	0	20
2020.11.09	13:00:00	75.475	76.283	75.430	76.266	5400	0	20
2020.11.09	14:00:00	76.266	77.001	76.086	76.990	12410	0	20
2020.11.09	15:00:00	76.990	77.027	76.657	76.811	9634	0	20
2020.11.09	16:00:00	76.811	76.993	76.791	76.869	8824	0	20
2020.11.09	17:00:00	76.868	76.984	76.696	76.887	9868	0	20
2020.11.09	18:00:00	76.889	76.889	76.717	76.764	8508	0	20
2020.11.09	19:00:00	76.765	76.886	76.719	76.834	5603	0	20
2020.11.09	20:00:00	76.832	76.844	76.689	76.721	3863	0	20
2020.11.09	21:00:00	76.721	76.881	76.706	76.857	3852	0	20
2020.11.09	22:00:00	76.857	76.943	76.669	76.706	5552	0	20
2020.11.09	23:00:00	76.706	76.731	76.642	76.708	2485	0	20
2020.11.10	00:00:00	76.611	76.696	76.493	76.518	2287	0	21
2020.11.10	01:00:00	76.518	76.648	76.450	76.522	3671	0	20
2020.11.10	02:00:00	76.521	76.685	76.368	76.508	6586	0	20
2020.11.10	03:00:00	76.511	76.562	76.321	76.328	5191	0	20
2020.11.10	04:00:00	76.328	76.447	76.328	76.368	4817	0	20
2020.11.10	05:00:00	76.367	76.407	76.235	76.368	4616	0	20
2020.11.10	06:00:00	76.368	76.471	76.364	76.431	3434	0	20
2020.11.10	07:00:00	76.431	76.483	76.377	76.399	3105	0	20
2020.11.10	08:00:00	76.399	76.564	76.386	76.544	2959	0	20
2020.11.10	09:00:00	76.547	76.634	76.413	76.417	3900	0	20
2020.11.10	10:00:00	76.420	76.565	76.412	76.522	5603	0	20
2020.11.10	11:00:00	76.524	76.765	76.524	76.763	4710	0	20
2020.11.10	12:00:00	76.764	76.814	76.667	76.670	5371	0	20
2020.11.10	13:00:00	76.671	76.699	76.569	76.672	4390	0	20
2020.11.10	14:00:00	76.672	76.708	76.565	76.617	4759	0	20
2020.11.10	15:00:00	76.619	76.664	76.411	76.452	5089	0	20
2020.11.10	16:00:00	76.452	76.608	76.431	76.515	6499	0	20
2020.11.10	17:00:00	76.514	76.557	76.390	76.470	7261	0	20
2020.11.10	18:00:00	76.470	76.634	76.468	76.615	4985	0	20
2020.11.10	19:00:00	76.615	76.729	76.608	76.650	3574	0	20
2020.11.10	20:00:00	76.650	76.681	76.560	76.657	2311	0	20
2020.11.10	21:00:00	76.658	76.713	76.642	76.657	3585	0	20
2020.11.10	22:00:00	76.656	76.673	76.571	76.609	3242	0	20
2020.11.10	23:00:00	76.606	76.688	76.606	76.679	1190	0	20
2020.11.11	00:00:00	76.663	76.711	76.636	76.663	1200	0	20
2020.11.11	01:00:00	76.661	76.733	76.615	76.639	2074	0	20
2020.11.11	02:00:00	76.639	76.691	76.518	76.522	3782	0	20
2020.11.11	03:00:00	76.522	76.663	76.498	76.619	4668	0	20
2020.11.11	04:00:00	76.618	76.830	76.562	76.748	3748	0	20
2020.11.11	05:00:00	76.748	76.907	76.744	76.836	3445	0	20
2020.11.11	06:00:00	76.836	76.859	76.770	76.837	1826	0	20
2020.11.11	07:00:00	76.836	76.911	76.822	76.885	2254	0	20
2020.11.11	08:00:00	76.885	76.935	76.859	76.910	2429	0	20
2020.11.11	09:00:00	76.910	77.090	76.848	76.856	3558	0	20
2020.11.11	10:00:00	76.857	76.976	76.803	76.965	5899	0	20
2020.11.11	11:00:00	76.966	76.996	76.903	76.946	4680	0	20
2020.11.11	12:00:00	76.946	76.961	76.854	76.905	3115	0	20
2020.11.11	13:00:00	76.906	76.954	76.748	76.749	3128	0	20
2020.11.11	14:00:00	76.750	76.756	76.638	76.706	4338	0	20
2020.11.11	15:00:00	76.707	76.813	76.655	76.782	4151	0	20
2020.11.11	16:00:00	76.781	76.800	76.677	76.679	4784	0	20
2020.11.11	17:00:00	76.679	76.791	76.651	76.717	5508	0	20
2020.11.11	18:00:00	76.717	76.751	76.673	76.700	3068	0	20
2020.11.11	19:00:00	76.700	76.797	76.694	76.790	1954	0	20
2020.11.11	20:00:00	76.789	76.809	76.762	76.788	1408	0	20
2020.11.11	21:00:00	76.787	76.823	76.680	76.701	1843	0	20
2020.11.11	22:00:00	76.701	76.734	76.667	76.712	1898	0	20
2020.11.11	23:00:00	76.712	76.776	76.707	76.735	1042	0	20
2020.11.12	00:00:00	76.697	76.740	76.679	76.705	2345	0	20
2020.11.12	01:00:00	76.704	76.779	76.688	76.771	1521	0	20
2020.11.12	02:00:00	76.770	76.814	76.715	76.755	2468	0	20
2020.11.12	03:00:00	76.754	76.778	76.629	76.656	3570	0	20
2020.11.12	04:00:00	76.657	76.711	76.615	76.690	2351	0	20
2020.11.12	05:00:00	76.691	76.706	76.582	76.585	2473	0	20
2020.11.12	06:00:00	76.583	76.606	76.475	76.489	1944	0	20
2020.11.12	07:00:00	76.489	76.593	76.477	76.498	2205	0	20
2020.11.12	08:00:00	76.498	76.521	76.289	76.367	2761	0	20
2020.11.12	09:00:00	76.366	76.476	76.287	76.360	3073	0	20
2020.11.12	10:00:00	76.360	76.524	76.353	76.507	3778	0	20
2020.11.12	11:00:00	76.507	76.675	76.381	76.648	3767	0	20
2020.11.12	12:00:00	76.648	76.683	76.542	76.556	2931	0	20
2020.11.12	13:00:00	76.555	76.618	76.485	76.490	2302	0	20
2020.11.12	14:00:00	76.490	76.524	76.333	76.361	3334	0	20
2020.11.12	15:00:00	76.360	76.501	76.348	76.479	3994	0	20
2020.11.12	16:00:00	76.480	76.503	76.304	76.390	5693	0	20
2020.11.12	17:00:00	76.390	76.476	76.335	76.349	5043	0	20
2020.11.12	18:00:00	76.350	76.440	76.317	76.403	3365	0	20
2020.11.12	19:00:00	76.403	76.403	76.134	76.205	2675	0	20
2020.11.12	20:00:00	76.203	76.207	76.023	76.156	2835	0	20
2020.11.12	21:00:00	76.155	76.182	76.020	76.039	2731	0	20
2020.11.12	22:00:00	76.041	76.049	75.908	76.002	3325	0	20
2020.11.12	23:00:00	76.002	76.029	75.971	76.027	940	0	20
2020.11.13	00:00:00	76.007	76.047	75.954	75.978	2384	0	30
2020.11.13	01:00:00	75.978	76.113	75.951	76.077	2842	0	20
2020.11.13	02:00:00	76.077	76.100	75.844	75.854	3441	0	20
2020.11.13	03:00:00	75.853	75.982	75.788	75.811	3407	0	20
2020.11.13	04:00:00	75.810	75.837	75.747	75.822	2718	0	20
2020.11.13	05:00:00	75.822	75.848	75.784	75.788	1651	0	20
2020.11.13	06:00:00	75.788	75.890	75.769	75.843	1660	0	20
2020.11.13	07:00:00	75.843	75.865	75.800	75.839	1921	0	20
2020.11.13	08:00:00	75.839	76.001	75.837	75.979	1897	0	20
2020.11.13	09:00:00	75.980	76.109	75.910	76.106	2413	0	20
2020.11.13	10:00:00	76.105	76.125	76.002	76.053	3207	0	20
2020.11.13	11:00:00	76.053	76.160	75.970	76.140	2996	0	20
2020.11.13	12:00:00	76.140	76.291	76.139	76.251	2434	0	20
2020.11.13	13:00:00	76.253	76.261	76.063	76.075	2234	0	20
2020.11.13	14:00:00	76.076	76.080	75.974	75.979	2538	0	20
2020.11.13	15:00:00	75.979	76.044	75.879	75.971	3767	0	20
2020.11.13	16:00:00	75.970	75.996	75.921	75.945	3825	0	20
2020.11.13	17:00:00	75.946	75.994	75.785	75.823	4518	0	20
2020.11.13	18:00:00	75.823	75.910	75.807	75.886	3161	0	20
2020.11.13	19:00:00	75.886	76.033	75.886	76.033	1771	0	20
2020.11.13	20:00:00	76.033	76.070	75.997	76.010	1730	0	20
2020.11.13	21:00:00	76.010	76.017	75.966	75.989	1507	0	20
2020.11.13	22:00:00	75.989	76.087	75.989	76.076	1550	0	20
2020.11.13	23:00:00	76.080	76.080	76.012	76.040	812	0	20
2020.11.16	00:00:00	76.075	76.102	75.978	76.045	1477	0	20
2020.11.16	01:00:00	76.045	76.359	76.027	76.296	3284	0	20
2020.11.16	02:00:00	76.296	76.356	76.214	76.294	3254	0	20
2020.11.16	03:00:00	76.293	76.329	76.199	76.230	2769	0	20
2020.11.16	04:00:00	76.230	76.265	76.185	76.243	2445	0	20
2020.11.16	05:00:00	76.244	76.281	76.154	76.163	2477	0	20
2020.11.16	06:00:00	76.164	76.204	76.139	76.202	1523	0	20
2020.11.16	07:00:00	76.202	76.239	76.139	76.180	1645	0	20
2020.11.16	08:00:00	76.180	76.199	76.122	76.164	2146	0	20
2020.11.16	09:00:00	76.164	76.182	76.081	76.164	2008	0	20
2020.11.16	10:00:00	76.163	76.289	76.135	76.157	3296	0	20
2020.11.16	11:00:00	76.158	76.210	76.100	76.189	2732	0	20
2020.11.16	12:00:00	76.189	76.282	76.130	76.235	2984	0	20
2020.11.16	13:00:00	76.234	76.761	76.224	76.607	4070	0	20
2020.11.16	14:00:00	76.605	76.675	76.475	76.567	6758	0	20
2020.11.16	15:00:00	76.567	76.606	76.431	76.492	4633	0	20
2020.11.16	16:00:00	76.492	76.541	76.219	76.288	4662	0	20
2020.11.16	17:00:00	76.288	76.581	76.274	76.561	3956	0	20
2020.11.16	18:00:00	76.561	76.617	76.505	76.542	2553	0	20
2020.11.16	19:00:00	76.542	76.548	76.461	76.487	1425	0	20
2020.11.16	20:00:00	76.486	76.487	76.395	76.435	1333	0	20
2020.11.16	21:00:00	76.437	76.497	76.407	76.478	1294	0	20
2020.11.16	22:00:00	76.478	76.526	76.445	76.526	1376	0	20
2020.11.16	23:00:00	76.526	76.560	76.501	76.543	410	0	20
2020.11.17	00:00:00	76.520	76.533	76.454	76.475	1833	0	20
2020.11.17	01:00:00	76.475	76.536	76.464	76.505	1537	0	20
2020.11.17	02:00:00	76.505	76.552	76.449	76.517	2849	0	20
2020.11.17	03:00:00	76.517	76.549	76.413	76.464	2867	0	20
2020.11.17	04:00:00	76.463	76.519	76.441	76.473	1887	0	20
2020.11.17	05:00:00	76.473	76.523	76.473	76.508	1683	0	20
2020.11.17	06:00:00	76.508	76.550	76.485	76.492	1214	0	20
2020.11.17	07:00:00	76.492	76.502	76.437	76.470	1833	0	20
2020.11.17	08:00:00	76.470	76.499	76.412	76.478	1886	0	20
2020.11.17	09:00:00	76.479	76.495	76.269	76.297	2179	0	20
2020.11.17	10:00:00	76.298	76.386	76.258	76.370	3447	0	20
2020.11.17	11:00:00	76.370	76.516	76.361	76.422	3019	0	20
2020.11.17	12:00:00	76.422	76.462	76.328	76.457	2602	0	20
2020.11.17	13:00:00	76.457	76.462	76.321	76.342	2446	0	20
2020.11.17	14:00:00	76.342	76.347	76.206	76.268	2551	0	20
2020.11.17	15:00:00	76.267	76.301	76.060	76.132	3871	0	20
2020.11.17	16:00:00	76.131	76.132	75.889	75.890	3799	0	20
2020.11.17	17:00:00	75.888	76.096	75.888	76.079	4313	0	20
2020.11.17	18:00:00	76.081	76.115	76.024	76.039	2440	0	20
2020.11.17	19:00:00	76.039	76.127	76.020	76.106	1862	0	20
2020.11.17	20:00:00	76.106	76.128	76.055	76.070	1115	0	20
2020.11.17	21:00:00	76.068	76.146	76.068	76.109	1166	0	20
2020.11.17	22:00:00	76.107	76.118	76.048	76.068	1708	0	20
2020.11.17	23:00:00	76.068	76.112	76.037	76.041	858	0	20
2020.11.18	00:00:00	76.032	76.046	75.986	76.015	3598	0	21
2020.11.18	01:00:00	76.015	76.040	75.920	75.998	2034	0	20
2020.11.18	02:00:00	75.998	75.998	75.685	75.762	3624	0	20
2020.11.18	03:00:00	75.762	75.809	75.724	75.759	2895	0	20
2020.11.18	04:00:00	75.758	75.855	75.754	75.832	2130	0	20
2020.11.18	05:00:00	75.832	75.894	75.799	75.881	1612	0	20
2020.11.18	06:00:00	75.882	75.933	75.851	75.910	1684	0	20
2020.11.18	07:00:00	75.910	75.923	75.807	75.845	2708	0	20
2020.11.18	08:00:00	75.845	75.867	75.764	75.829	2188	0	20
2020.11.18	09:00:00	75.829	75.914	75.818	75.877	2948	0	20
2020.11.18	10:00:00	75.877	76.108	75.868	76.065	3849	0	20
2020.11.18	11:00:00	76.065	76.149	76.026	76.045	3004	0	20
2020.11.18	12:00:00	76.045	76.072	76.007	76.053	2639	0	20
2020.11.18	13:00:00	76.054	76.057	75.912	75.965	3023	0	20
2020.11.18	14:00:00	75.964	76.077	75.963	76.011	3898	0	20
2020.11.18	15:00:00	76.012	76.014	75.889	75.904	3624	0	20
2020.11.18	16:00:00	75.905	75.915	75.809	75.878	2983	0	20
2020.11.18	17:00:00	75.877	75.952	75.819	75.921	4192	0	20
2020.11.18	18:00:00	75.921	75.967	75.889	75.956	2420	0	20
2020.11.18	19:00:00	75.956	76.030	75.953	76.021	1794	0	20
2020.11.18	20:00:00	76.021	76.111	75.961	75.972	1661	0	20
2020.11.18	21:00:00	75.972	76.015	75.897	75.993	1973	0	20
2020.11.18	22:00:00	75.992	76.031	75.813	75.813	2503	0	20
2020.11.18	23:00:00	75.814	75.879	75.809	75.834	1098	0	20
2020.11.19	00:00:00	75.796	75.810	75.724	75.787	1721	0	20
2020.11.19	01:00:00	75.787	75.864	75.782	75.802	1529	0	20
2020.11.19	02:00:00	75.802	75.838	75.667	75.692	3684	0	20
2020.11.19	03:00:00	75.692	75.756	75.665	75.731	2941	0	20
2020.11.19	04:00:00	75.731	75.747	75.663	75.680	2026	0	20
2020.11.19	05:00:00	75.680	75.696	75.614	75.628	2109	0	20
2020.11.19	06:00:00	75.628	75.704	75.598	75.686	1513	0	20
2020.11.19	07:00:00	75.686	75.724	75.653	75.663	1597	0	20
2020.11.19	08:00:00	75.664	75.767	75.641	75.761	1958	0	20
2020.11.19	09:00:00	75.760	75.829	75.681	75.699	2569	0	20
2020.11.19	10:00:00	75.702	75.754	75.524	75.547	4438	0	20
2020.11.19	11:00:00	75.546	75.629	75.506	75.601	3785	0	20
2020.11.19	12:00:00	75.601	75.673	75.507	75.626	3991	0	20
2020.11.19	13:00:00	75.626	75.689	75.555	75.661	3242	0	20
2020.11.19	14:00:00	75.662	75.679	75.600	75.627	2756	0	20
2020.11.19	15:00:00	75.627	75.645	75.513	75.622	3466	0	20
2020.11.19	16:00:00	75.622	75.641	75.497	75.597	4247	0	20
2020.11.19	17:00:00	75.597	75.627	75.467	75.526	4829	0	20
2020.11.19	18:00:00	75.527	75.537	75.419	75.433	2744	0	20
2020.11.19	19:00:00	75.433	75.528	75.395	75.511	1800	0	20
2020.11.19	20:00:00	75.511	75.569	75.511	75.543	1314	0	20
2020.11.19	21:00:00	75.543	75.672	75.534	75.669	1987	0	20
2020.11.19	22:00:00	75.664	75.717	75.601	75.688	2162	0	20
2020.11.19	23:00:00	75.688	75.703	75.534	75.558	1125	0	20
2020.11.20	00:00:00	75.537	75.545	75.451	75.486	2209	0	20
2020.11.20	01:00:00	75.485	75.561	75.396	75.442	1480	0	20
2020.11.20	02:00:00	75.438	75.651	75.437	75.576	3019	0	20
2020.11.20	03:00:00	75.576	75.690	75.543	75.689	2696	0	20
2020.11.20	04:00:00	75.691	75.691	75.579	75.603	2096	0	20
2020.11.20	05:00:00	75.603	75.685	75.596	75.641	1685	0	20
2020.11.20	06:00:00	75.643	75.723	75.626	75.713	1591	0	20
2020.11.20	07:00:00	75.713	75.790	75.682	75.706	1956	0	20
2020.11.20	08:00:00	75.705	75.735	75.669	75.713	2030	0	20
2020.11.20	09:00:00	75.713	75.774	75.618	75.644	3341	0	20
2020.11.20	10:00:00	75.645	75.720	75.618	75.683	3487	0	20
2020.11.20	11:00:00	75.683	75.768	75.612	75.624	3501	0	20
2020.11.20	12:00:00	75.623	75.775	75.616	75.729	3019	0	20
2020.11.20	13:00:00	75.728	75.910	75.718	75.883	2684	0	20
2020.11.20	14:00:00	75.882	75.923	75.843	75.903	2336	0	20
2020.11.20	15:00:00	75.904	75.919	75.794	75.839	2672	0	20
2020.11.20	16:00:00	75.839	75.967	75.825	75.863	3367	0	20
2020.11.20	17:00:00	75.863	75.911	75.785	75.883	3568	0	20
2020.11.20	18:00:00	75.885	75.945	75.873	75.920	2157	0	20
2020.11.20	19:00:00	75.920	75.940	75.843	75.891	1666	0	20
2020.11.20	20:00:00	75.891	75.907	75.851	75.877	1068	0	20
2020.11.20	21:00:00	75.877	75.913	75.871	75.901	939	0	20
2020.11.20	22:00:00	75.902	75.911	75.838	75.885	1502	0	20
2020.11.20	23:00:00	75.886	75.889	75.800	75.830	1018	0	21
2020.11.23	00:00:00	75.770	75.843	75.745	75.791	2572	0	21
2020.11.23	01:00:00	75.791	75.931	75.791	75.913	1880	0	20
2020.11.23	02:00:00	75.913	75.992	75.895	75.970	1784	0	20
2020.11.23	03:00:00	75.970	76.000	75.922	75.965	1939	0	20
2020.11.23	04:00:00	75.965	75.975	75.894	75.907	1749	0	20
2020.11.23	05:00:00	75.906	75.931	75.884	75.897	1337	0	20
2020.11.23	06:00:00	75.898	75.900	75.847	75.858	1193	0	20
2020.11.23	07:00:00	75.858	75.889	75.843	75.888	1081	0	20
2020.11.23	08:00:00	75.888	75.904	75.808	75.841	1273	0	20
2020.11.23	09:00:00	75.841	75.957	75.839	75.938	2299	0	20
2020.11.23	10:00:00	75.938	76.073	75.922	76.069	3420	0	20
2020.11.23	11:00:00	76.067	76.126	76.020	76.072	2809	0	20
2020.11.23	12:00:00	76.072	76.090	76.016	76.042	2214	0	20
2020.11.23	13:00:00	76.042	76.063	75.961	75.992	2194	0	20
2020.11.23	14:00:00	75.992	76.071	75.984	76.006	1953	0	20
2020.11.23	15:00:00	76.005	76.049	75.883	75.943	2679	0	20
2020.11.23	16:00:00	75.943	76.010	75.875	75.975	4244	0	20
2020.11.23	17:00:00	75.975	76.063	75.822	76.056	6536	0	20
2020.11.23	18:00:00	76.056	76.097	75.951	75.994	4570	0	20
2020.11.23	19:00:00	75.994	76.024	75.941	76.007	2298	0	20
2020.11.23	20:00:00	76.008	76.065	75.975	76.054	1499	0	20
2020.11.23	21:00:00	76.054	76.180	76.044	76.166	1852	0	20
2020.11.23	22:00:00	76.167	76.207	76.125	76.158	1777	0	20
2020.11.23	23:00:00	76.158	76.205	76.147	76.164	929	0	20
2020.11.24	00:00:00	76.119	76.161	76.078	76.115	3495	0	20
2020.11.24	01:00:00	76.113	76.322	76.113	76.242	2309	0	20
2020.11.24	02:00:00	76.240	76.383	76.240	76.325	2925	0	20
2020.11.24	03:00:00	76.326	76.482	76.325	76.372	3700	0	20
2020.11.24	04:00:00	76.372	76.472	76.339	76.455	2540	0	20
2020.11.24	05:00:00	76.455	76.533	76.428	76.485	2174	0	20
2020.11.24	06:00:00	76.486	76.499	76.431	76.455	1764	0	20
2020.11.24	07:00:00	76.456	76.469	76.349	76.371	2478	0	20
2020.11.24	08:00:00	76.371	76.481	76.371	76.441	1638	0	20
2020.11.24	09:00:00	76.441	76.540	76.418	76.450	1966	0	20
2020.11.24	10:00:00	76.449	76.800	76.449	76.736	4630	0	20
2020.11.24	11:00:00	76.736	76.768	76.660	76.681	2856	0	20
2020.11.24	12:00:00	76.681	76.716	76.589	76.614	2329	0	20
2020.11.24	13:00:00	76.614	76.730	76.608	76.650	2478	0	20
2020.11.24	14:00:00	76.651	76.750	76.620	76.704	2965	0	20
2020.11.24	15:00:00	76.703	76.762	76.668	76.682	2713	0	20
2020.11.24	16:00:00	76.681	76.772	76.566	76.756	4134	0	20
2020.11.24	17:00:00	76.758	76.852	76.660	76.845	4083	0	20
2020.11.24	18:00:00	76.845	76.925	76.825	76.876	2609	0	20
2020.11.24	19:00:00	76.877	76.898	76.827	76.827	1680	0	20
2020.11.24	20:00:00	76.828	76.889	76.819	76.860	1481	0	20
2020.11.24	21:00:00	76.860	76.889	76.809	76.888	1309	0	20
2020.11.24	22:00:00	76.889	76.905	76.858	76.878	2562	0	20
2020.11.24	23:00:00	76.877	76.904	76.829	76.863	1233	0	20
2020.11.25	00:00:00	76.824	76.942	76.824	76.871	2833	0	20
2020.11.25	01:00:00	76.871	76.994	76.865	76.977	2636	0	20
2020.11.25	02:00:00	76.977	77.034	76.907	76.915	2914	0	20
2020.11.25	03:00:00	76.915	76.984	76.874	76.916	2934	0	20
2020.11.25	04:00:00	76.917	76.962	76.860	76.907	3104	0	20
2020.11.25	05:00:00	76.907	76.934	76.810	76.870	2704	0	20
2020.11.25	06:00:00	76.870	76.886	76.812	76.818	2039	0	20
2020.11.25	07:00:00	76.817	76.847	76.617	76.638	3290	0	20
2020.11.25	08:00:00	76.638	76.728	76.560	76.624	2365	0	20
2020.11.25	09:00:00	76.624	76.795	76.623	76.786	2447	0	20
2020.11.25	10:00:00	76.786	76.829	76.643	76.703	3693	0	20
2020.11.25	11:00:00	76.704	76.754	76.627	76.682	2703	0	20
2020.11.25	12:00:00	76.684	76.755	76.638	76.659	2307	0	20
2020.11.25	13:00:00	76.659	76.693	76.633	76.679	2542	0	20
2020.11.25	14:00:00	76.680	76.747	76.677	76.686	1774	0	20
2020.11.25	15:00:00	76.686	76.776	76.673	76.686	2719	0	20
2020.11.25	16:00:00	76.685	76.705	76.524	76.537	3428	0	20
2020.11.25	17:00:00	76.537	76.762	76.446	76.739	4321	0	20
2020.11.25	18:00:00	76.739	76.817	76.678	76.807	2666	0	20
2020.11.25	19:00:00	76.807	76.814	76.779	76.807	1580	0	20
2020.11.25	20:00:00	76.808	76.871	76.807	76.834	1305	0	20
2020.11.25	21:00:00	76.835	76.928	76.782	76.900	1882	0	20
2020.11.25	22:00:00	76.900	76.977	76.872	76.925	1489	0	20
2020.11.25	23:00:00	76.925	76.947	76.913	76.933	789	0	20
2020.11.26	00:00:00	76.842	76.923	76.833	76.894	4012	0	25
2020.11.26	01:00:00	76.893	76.906	76.856	76.867	2319	0	20
2020.11.26	02:00:00	76.867	76.881	76.821	76.832	1701	0	20
2020.11.26	03:00:00	76.831	76.907	76.808	76.857	1859	0	20
2020.11.26	04:00:00	76.857	76.863	76.778	76.825	2069	0	20
2020.11.26	05:00:00	76.826	76.884	76.783	76.816	1773	0	20
2020.11.26	06:00:00	76.815	76.831	76.755	76.762	1415	0	20
2020.11.26	07:00:00	76.761	76.795	76.726	76.793	1733	0	20
2020.11.26	08:00:00	76.793	76.868	76.776	76.810	1558	0	20
2020.11.26	09:00:00	76.811	76.882	76.787	76.794	1837	0	20
2020.11.26	10:00:00	76.794	76.837	76.676	76.692	2566	0	20
2020.11.26	11:00:00	76.692	76.782	76.684	76.735	1952	0	20
2020.11.26	12:00:00	76.735	76.809	76.707	76.784	1831	0	20
2020.11.26	13:00:00	76.784	76.802	76.739	76.766	1476	0	20
2020.11.26	14:00:00	76.767	76.769	76.654	76.742	1647	0	20
2020.11.26	15:00:00	76.742	76.768	76.690	76.692	1389	0	20
2020.11.26	16:00:00	76.693	76.741	76.679	76.701	1588	0	20
2020.11.26	17:00:00	76.701	76.780	76.697	76.760	1476	0	20
2020.11.26	18:00:00	76.760	76.764	76.724	76.750	1233	0	20
2020.11.26	19:00:00	76.751	76.777	76.718	76.754	921	0	20
2020.11.26	20:00:00	76.754	76.770	76.743	76.755	1237	0	20
2020.11.26	21:00:00	76.755	76.758	76.733	76.737	1373	0	22
2020.11.26	22:00:00	76.737	76.840	76.685	76.685	1716	0	21
2020.11.26	23:00:00	76.685	76.821	76.662	76.674	2289	0	20
2020.11.27	00:00:00	76.677	76.733	76.645	76.680	1375	0	23
2020.11.27	01:00:00	76.679	76.723	76.665	76.685	1524	0	20
2020.11.27	02:00:00	76.687	76.707	76.620	76.634	2131	0	20
2020.11.27	03:00:00	76.634	76.645	76.519	76.562	3133	0	20
2020.11.27	04:00:00	76.562	76.628	76.487	76.611	2560	0	20
2020.11.27	05:00:00	76.612	76.659	76.592	76.599	2399	0	20
2020.11.27	06:00:00	76.599	76.672	76.586	76.648	1902	0	20
2020.11.27	07:00:00	76.648	76.700	76.631	76.698	1737	0	20
2020.11.27	08:00:00	76.697	76.781	76.690	76.770	1659	0	20
2020.11.27	09:00:00	76.770	76.783	76.709	76.741	1685	0	20
2020.11.27	10:00:00	76.742	76.821	76.703	76.796	2305	0	20
2020.11.27	11:00:00	76.796	76.800	76.689	76.730	1747	0	20
2020.11.27	12:00:00	76.731	76.743	76.652	76.723	1819	0	20
2020.11.27	13:00:00	76.722	76.783	76.710	76.760	1767	0	20
2020.11.27	14:00:00	76.760	76.812	76.709	76.778	1899	0	20
2020.11.27	15:00:00	76.778	76.879	76.748	76.848	2341	0	20
2020.11.27	16:00:00	76.847	76.923	76.847	76.908	2825	0	20
2020.11.27	17:00:00	76.909	76.943	76.868	76.916	3519	0	20
2020.11.27	18:00:00	76.916	76.928	76.830	76.846	2346	0	20
2020.11.27	19:00:00	76.847	76.892	76.824	76.882	1435	0	20
2020.11.27	20:00:00	76.882	76.883	76.811	76.826	1016	0	20
2020.11.27	21:00:00	76.825	76.884	76.819	76.854	1180	0	21
2020.11.27	22:00:00	76.854	76.890	76.824	76.824	1149	0	20
2020.11.27	23:00:00	76.824	76.918	76.756	76.846	2843	0	20
2020.11.30	00:00:00	76.818	76.889	76.804	76.856	423	0	20
2020.11.30	01:00:00	76.850	77.103	76.849	77.024	1952	0	20
2020.11.30	02:00:00	77.024	77.039	76.858	76.886	3557	0	20
2020.11.30	03:00:00	76.888	76.921	76.812	76.883	3503	0	20
2020.11.30	04:00:00	76.882	76.883	76.749	76.792	2901	0	20
2020.11.30	05:00:00	76.792	76.827	76.720	76.764	2033	0	20
2020.11.30	06:00:00	76.764	76.805	76.711	76.764	2032	0	20
2020.11.30	07:00:00	76.764	76.776	76.702	76.737	2282	0	20
2020.11.30	08:00:00	76.736	76.777	76.674	76.716	2199	0	20
2020.11.30	09:00:00	76.715	76.840	76.677	76.832	2307	0	20
2020.11.30	10:00:00	76.833	76.951	76.780	76.842	3750	0	20
2020.11.30	11:00:00	76.842	76.914	76.827	76.829	3609	0	20
2020.11.30	12:00:00	76.828	76.835	76.750	76.788	2181	0	20
2020.11.30	13:00:00	76.789	76.805	76.704	76.760	2430	0	20
2020.11.30	14:00:00	76.760	76.864	76.748	76.780	3147	0	20
2020.11.30	15:00:00	76.780	76.892	76.742	76.880	3239	0	20
2020.11.30	16:00:00	76.879	76.914	76.809	76.894	3955	0	20
2020.11.30	17:00:00	76.894	76.925	76.671	76.831	6819	0	20
2020.11.30	18:00:00	76.833	76.850	76.657	76.717	5299	0	20
2020.11.30	19:00:00	76.716	76.749	76.675	76.712	2729	0	20
2020.11.30	20:00:00	76.712	76.724	76.664	76.680	1675	0	20
2020.11.30	21:00:00	76.680	76.719	76.660	76.715	1823	0	20
2020.11.30	22:00:00	76.715	76.720	76.611	76.612	2142	0	20
2020.11.30	23:00:00	76.612	76.667	76.590	76.593	1247	0	20
2020.12.01	00:00:00	76.523	76.683	76.521	76.629	2374	0	24
2020.12.01	01:00:00	76.629	76.763	76.628	76.746	2324	0	20
2020.12.01	02:00:00	76.746	76.773	76.694	76.751	2533	0	20
2020.12.01	03:00:00	76.751	76.807	76.708	76.761	3021	0	20
2020.12.01	04:00:00	76.760	76.822	76.717	76.797	2981	0	20
2020.12.01	05:00:00	76.797	76.956	76.795	76.904	3020	0	20
2020.12.01	06:00:00	76.904	76.966	76.858	76.895	1931	0	20
2020.12.01	07:00:00	76.893	76.920	76.854	76.892	1868	0	20
2020.12.01	08:00:00	76.891	76.894	76.818	76.821	1608	0	20
2020.12.01	09:00:00	76.821	76.872	76.801	76.818	2162	0	20
2020.12.01	10:00:00	76.818	76.877	76.738	76.743	3611	0	20
2020.12.01	11:00:00	76.743	76.764	76.624	76.667	3164	0	20
2020.12.01	12:00:00	76.666	76.733	76.645	76.661	2694	0	20
2020.12.01	13:00:00	76.659	76.752	76.636	76.725	2444	0	20
2020.12.01	14:00:00	76.725	76.745	76.689	76.744	2120	0	20
2020.12.01	15:00:00	76.744	76.794	76.704	76.783	3119	0	20
2020.12.01	16:00:00	76.783	76.856	76.704	76.807	4183	0	20
2020.12.01	17:00:00	76.809	76.943	76.768	76.835	6117	0	20
2020.12.01	18:00:00	76.834	76.920	76.770	76.773	4684	0	20
2020.12.01	19:00:00	76.773	76.845	76.760	76.812	2510	0	20
2020.12.01	20:00:00	76.812	76.889	76.808	76.886	1693	0	20
2020.12.01	21:00:00	76.885	76.944	76.856	76.872	1961	0	20
2020.12.01	22:00:00	76.874	76.884	76.814	76.849	2066	0	20
2020.12.01	23:00:00	76.849	76.902	76.846	76.894	1076	0	20
2020.12.02	00:00:00	76.822	76.946	76.822	76.901	2999	0	20
2020.12.02	01:00:00	76.901	77.002	76.888	76.967	2176	0	20
2020.12.02	02:00:00	76.968	77.083	76.856	77.053	3254	0	20
2020.12.02	03:00:00	77.052	77.052	76.900	76.962	3342	0	20
2020.12.02	04:00:00	76.962	77.066	76.933	76.993	2236	0	20
2020.12.02	05:00:00	76.993	77.064	76.977	77.051	1585	0	20
2020.12.02	06:00:00	77.051	77.061	76.943	76.968	1451	0	20
2020.12.02	07:00:00	76.967	76.992	76.899	76.954	1951	0	20
2020.12.02	08:00:00	76.954	77.032	76.951	77.012	1885	0	20
2020.12.02	09:00:00	77.012	77.245	76.988	77.180	2964	0	20
2020.12.02	10:00:00	77.180	77.208	77.039	77.162	4624	0	20
2020.12.02	11:00:00	77.161	77.311	77.154	77.271	3383	0	20
2020.12.02	12:00:00	77.272	77.276	77.175	77.211	2306	0	20
2020.12.02	13:00:00	77.211	77.294	77.136	77.159	2223	0	20
2020.12.02	14:00:00	77.159	77.171	76.980	76.981	3456	0	20
2020.12.02	15:00:00	76.981	77.050	76.944	76.954	3968	0	20
2020.12.02	16:00:00	76.955	77.013	76.841	76.960	4279	0	20
2020.12.02	17:00:00	76.961	77.193	76.955	77.169	5229	0	20
2020.12.02	18:00:00	77.169	77.298	77.151	77.272	3005	0	20
2020.12.02	19:00:00	77.272	77.334	77.259	77.292	1834	0	20
2020.12.02	20:00:00	77.292	77.306	77.249	77.279	1323	0	20
2020.12.02	21:00:00	77.281	77.431	77.247	77.376	1986	0	20
2020.12.02	22:00:00	77.375	77.427	77.355	77.375	1408	0	20
2020.12.02	23:00:00	77.375	77.468	77.375	77.416	1321	0	20
2020.12.03	00:00:00	77.395	77.451	77.379	77.407	5485	0	22
2020.12.03	01:00:00	77.407	77.490	77.407	77.435	1364	0	20
2020.12.03	02:00:00	77.433	77.458	77.309	77.314	2351	0	20
2020.12.03	03:00:00	77.313	77.390	77.281	77.344	2811	0	20
2020.12.03	04:00:00	77.344	77.468	77.302	77.401	2587	0	20
2020.12.03	05:00:00	77.402	77.458	77.377	77.380	1752	0	20
2020.12.03	06:00:00	77.381	77.393	77.332	77.390	1542	0	20
2020.12.03	07:00:00	77.390	77.426	77.363	77.403	1474	0	20
2020.12.03	08:00:00	77.403	77.472	77.390	77.466	1526	0	20
2020.12.03	09:00:00	77.467	77.553	77.437	77.521	2800	0	20
2020.12.03	10:00:00	77.522	77.538	77.428	77.451	3536	0	20
2020.12.03	11:00:00	77.450	77.466	77.285	77.361	3143	0	20
2020.12.03	12:00:00	77.361	77.367	77.307	77.357	2151	0	20
2020.12.03	13:00:00	77.355	77.443	77.346	77.389	2311	0	20
2020.12.03	14:00:00	77.389	77.415	77.281	77.323	2896	0	20
2020.12.03	15:00:00	77.323	77.356	77.248	77.286	2848	0	20
2020.12.03	16:00:00	77.286	77.339	77.194	77.229	4225	0	20
2020.12.03	17:00:00	77.229	77.271	77.153	77.233	4465	0	20
2020.12.03	18:00:00	77.232	77.284	77.182	77.236	3074	0	20
2020.12.03	19:00:00	77.235	77.318	77.193	77.316	2246	0	20
2020.12.03	20:00:00	77.316	77.352	77.305	77.326	1477	0	20
2020.12.03	21:00:00	77.326	77.427	77.326	77.402	1436	0	20
2020.12.03	22:00:00	77.403	77.404	77.194	77.283	2755	0	20
2020.12.03	23:00:00	77.282	77.331	77.244	77.263	989	0	20
2020.12.04	00:00:00	77.200	77.288	77.192	77.220	1243	0	27
2020.12.04	01:00:00	77.227	77.283	77.186	77.203	2159	0	20
2020.12.04	02:00:00	77.202	77.238	77.175	77.206	3141	0	20
2020.12.04	03:00:00	77.206	77.212	77.090	77.141	3229	0	20
2020.12.04	04:00:00	77.141	77.186	77.079	77.184	1958	0	20
2020.12.04	05:00:00	77.184	77.187	77.078	77.106	1704	0	20
2020.12.04	06:00:00	77.106	77.181	77.092	77.171	1431	0	20
2020.12.04	07:00:00	77.172	77.215	77.134	77.199	2045	0	20
2020.12.04	08:00:00	77.198	77.222	77.161	77.199	1868	0	20
2020.12.04	09:00:00	77.199	77.211	77.154	77.180	2362	0	20
2020.12.04	10:00:00	77.180	77.265	77.129	77.155	3745	0	20
2020.12.04	11:00:00	77.155	77.226	77.121	77.196	3907	0	20
2020.12.04	12:00:00	77.195	77.215	77.133	77.206	3160	0	20
2020.12.04	13:00:00	77.206	77.218	77.131	77.154	2765	0	20
2020.12.04	14:00:00	77.154	77.197	77.120	77.149	2823	0	20
2020.12.04	15:00:00	77.148	77.184	77.032	77.179	6057	0	20
2020.12.04	16:00:00	77.180	77.373	77.157	77.352	5861	0	20
2020.12.04	17:00:00	77.352	77.450	77.318	77.441	5146	0	20
2020.12.04	18:00:00	77.441	77.493	77.409	77.457	2729	0	20
2020.12.04	19:00:00	77.458	77.468	77.381	77.407	1712	0	20
2020.12.04	20:00:00	77.408	77.468	77.397	77.441	1357	0	20
2020.12.04	21:00:00	77.441	77.461	77.395	77.429	1745	0	20
2020.12.04	22:00:00	77.428	77.438	77.352	77.401	1878	0	20
2020.12.04	23:00:00	77.402	77.419	77.334	77.361	1098	0	20
2020.12.07	00:00:00	77.349	77.419	77.310	77.402	1387	0	24
2020.12.07	01:00:00	77.402	77.493	77.396	77.418	2027	0	20
2020.12.07	02:00:00	77.418	77.422	77.305	77.354	3166	0	20
2020.12.07	03:00:00	77.354	77.370	77.248	77.272	2805	0	20
2020.12.07	04:00:00	77.272	77.309	77.231	77.278	2328	0	20
2020.12.07	05:00:00	77.278	77.307	77.244	77.251	1829	0	20
2020.12.07	06:00:00	77.250	77.284	77.224	77.266	1491	0	20
2020.12.07	07:00:00	77.266	77.321	77.248	77.320	1502	0	20
2020.12.07	08:00:00	77.319	77.358	77.307	77.336	1744	0	20
2020.12.07	09:00:00	77.335	77.358	77.238	77.276	2609	0	20
2020.12.07	10:00:00	77.277	77.278	77.064	77.073	5263	0	20
2020.12.07	11:00:00	77.073	77.087	76.892	77.006	3779	0	20
2020.12.07	12:00:00	77.006	77.013	76.913	76.941	2885	0	20
2020.12.07	13:00:00	76.942	77.050	76.928	77.045	2877	0	20
2020.12.07	14:00:00	77.044	77.073	77.006	77.067	2587	0	20
2020.12.07	15:00:00	77.067	77.254	77.063	77.222	3727	0	20
2020.12.07	16:00:00	77.222	77.396	77.207	77.390	4254	0	20
2020.12.07	17:00:00	77.390	77.466	77.367	77.435	3666	0	20
2020.12.07	18:00:00	77.434	77.479	77.387	77.463	3068	0	20
2020.12.07	19:00:00	77.463	77.477	77.416	77.444	1819	0	20
2020.12.07	20:00:00	77.445	77.445	77.263	77.304	2756	0	20
2020.12.07	21:00:00	77.304	77.310	77.226	77.228	1499	0	20
2020.12.07	22:00:00	77.229	77.234	77.161	77.226	1665	0	20
2020.12.07	23:00:00	77.226	77.231	77.164	77.180	964	0	20
2020.12.08	00:00:00	77.164	77.247	77.137	77.143	8359	0	27
2020.12.08	01:00:00	77.143	77.189	77.111	77.113	1284	0	20
2020.12.08	02:00:00	77.114	77.166	77.054	77.137	2890	0	20
2020.12.08	03:00:00	77.137	77.253	77.133	77.167	3566	0	20
2020.12.08	04:00:00	77.166	77.261	77.161	77.257	1899	0	20
2020.12.08	05:00:00	77.257	77.275	77.203	77.237	1443	0	20
2020.12.08	06:00:00	77.236	77.281	77.212	77.238	1829	0	20
2020.12.08	07:00:00	77.238	77.273	77.217	77.220	1359	0	20
2020.12.08	08:00:00	77.222	77.252	77.129	77.157	1682	0	20
2020.12.08	09:00:00	77.157	77.188	77.089	77.164	2761	0	20
2020.12.08	10:00:00	77.164	77.284	77.078	77.268	3940	0	20
2020.12.08	11:00:00	77.268	77.361	77.264	77.291	3100	0	20
2020.12.08	12:00:00	77.291	77.300	77.216	77.278	2780	0	20
2020.12.08	13:00:00	77.279	77.283	77.142	77.150	3032	0	20
2020.12.08	14:00:00	77.150	77.225	77.142	77.215	3144	0	20
2020.12.08	15:00:00	77.214	77.286	77.157	77.163	4690	0	20
2020.12.08	16:00:00	77.165	77.199	77.089	77.152	4373	0	20
2020.12.08	17:00:00	77.155	77.181	77.061	77.177	4900	0	20
2020.12.08	18:00:00	77.178	77.215	77.150	77.188	2553	0	20
2020.12.08	19:00:00	77.188	77.221	77.177	77.220	1216	0	20
2020.12.08	20:00:00	77.220	77.243	77.155	77.166	1684	0	20
2020.12.08	21:00:00	77.166	77.185	77.113	77.141	1205	0	20
2020.12.08	22:00:00	77.141	77.184	77.111	77.173	1088	0	20
2020.12.08	23:00:00	77.173	77.181	77.148	77.160	667	0	20
2020.12.09	00:00:00	77.152	77.222	77.149	77.185	4148	0	22
2020.12.09	01:00:00	77.185	77.211	77.100	77.149	1335	0	20
2020.12.09	02:00:00	77.149	77.254	77.129	77.201	2801	0	20
2020.12.09	03:00:00	77.202	77.249	77.160	77.211	2068	0	20
2020.12.09	04:00:00	77.211	77.323	77.179	77.301	1688	0	20
2020.12.09	05:00:00	77.300	77.371	77.274	77.365	1537	0	20
2020.12.09	06:00:00	77.365	77.505	77.361	77.480	1975	0	20
2020.12.09	07:00:00	77.480	77.517	77.447	77.510	1401	0	20
2020.12.09	08:00:00	77.511	77.628	77.508	77.578	2029	0	20
2020.12.09	09:00:00	77.578	77.645	77.567	77.617	2023	0	20
2020.12.09	10:00:00	77.615	77.818	77.583	77.798	3587	0	20
2020.12.09	11:00:00	77.798	77.820	77.741	77.794	2982	0	20
2020.12.09	12:00:00	77.795	77.853	77.748	77.846	2941	0	20
2020.12.09	13:00:00	77.846	77.903	77.762	77.836	2660	0	20
2020.12.09	14:00:00	77.837	77.893	77.761	77.893	2182	0	20
2020.12.09	15:00:00	77.893	77.934	77.834	77.928	2884	0	20
2020.12.09	16:00:00	77.928	77.928	77.815	77.855	3626	0	20
2020.12.09	17:00:00	77.855	77.861	77.692	77.730	4484	0	20
2020.12.09	18:00:00	77.730	77.732	77.635	77.689	3188	0	20
2020.12.09	19:00:00	77.689	77.724	77.584	77.639	2756	0	20
2020.12.09	20:00:00	77.638	77.639	77.417	77.418	2783	0	20
2020.12.09	21:00:00	77.416	77.522	77.415	77.498	2380	0	20
2020.12.09	22:00:00	77.499	77.553	77.477	77.532	1787	0	20
2020.12.09	23:00:00	77.532	77.572	77.510	77.561	930	0	20
2020.12.10	00:00:00	77.517	77.566	77.364	77.506	3577	0	20
2020.12.10	01:00:00	77.506	77.556	77.469	77.511	1489	0	20
2020.12.10	02:00:00	77.511	77.640	77.509	77.620	2761	0	20
2020.12.10	03:00:00	77.619	77.718	77.584	77.714	3052	0	20
2020.12.10	04:00:00	77.713	78.054	77.695	78.028	3153	0	20
2020.12.10	05:00:00	78.032	78.062	77.972	78.005	2772	0	20
2020.12.10	06:00:00	78.005	78.074	77.979	78.065	1846	0	20
2020.12.10	07:00:00	78.065	78.091	78.000	78.000	1789	0	20
2020.12.10	08:00:00	78.000	78.008	77.896	77.896	1733	0	20
2020.12.10	09:00:00	77.896	78.076	77.872	78.044	3089	0	20
2020.12.10	10:00:00	78.043	78.219	78.013	78.168	3861	0	20
2020.12.10	11:00:00	78.167	78.318	78.113	78.197	3491	0	20
2020.12.10	12:00:00	78.198	78.246	78.180	78.223	2120	0	20
2020.12.10	13:00:00	78.223	78.309	78.201	78.252	2601	0	20
2020.12.10	14:00:00	78.253	78.318	78.219	78.250	3670	0	20
2020.12.10	15:00:00	78.250	78.396	78.237	78.280	5260	0	20
2020.12.10	16:00:00	78.279	78.357	78.126	78.341	6527	0	20
2020.12.10	17:00:00	78.341	78.511	78.340	78.457	6372	0	20
2020.12.10	18:00:00	78.458	78.501	78.372	78.411	3469	0	20
2020.12.10	19:00:00	78.410	78.534	78.404	78.511	2495	0	20
2020.12.10	20:00:00	78.512	78.557	78.486	78.534	2463	0	20
2020.12.10	21:00:00	78.534	78.537	78.413	78.417	1999	0	20
2020.12.10	22:00:00	78.418	78.535	78.417	78.516	1997	0	20
2020.12.10	23:00:00	78.516	78.572	78.508	78.516	1201	0	20
2020.12.11	00:00:00	78.486	78.577	78.485	78.507	1787	0	24
2020.12.11	01:00:00	78.507	78.549	78.360	78.367	1948	0	20
2020.12.11	02:00:00	78.367	78.444	78.287	78.339	3329	0	20
2020.12.11	03:00:00	78.340	78.642	78.337	78.604	3843	0	20
2020.12.11	04:00:00	78.606	78.639	78.547	78.616	2475	0	20
2020.12.11	05:00:00	78.616	78.663	78.515	78.662	2195	0	20
2020.12.11	06:00:00	78.662	78.770	78.615	78.624	1407	0	20
2020.12.11	07:00:00	78.624	78.653	78.562	78.581	1386	0	20
2020.12.11	08:00:00	78.582	78.709	78.581	78.685	1433	0	20
2020.12.11	09:00:00	78.684	78.726	78.604	78.621	2515	0	20
2020.12.11	10:00:00	78.620	78.634	78.309	78.401	4609	0	20
2020.12.11	11:00:00	78.401	78.493	78.257	78.317	3510	0	20
2020.12.11	12:00:00	78.318	78.435	78.287	78.346	3204	0	20
2020.12.11	13:00:00	78.347	78.378	78.301	78.368	3799	0	20
2020.12.11	14:00:00	78.367	78.434	78.316	78.421	2836	0	20
2020.12.11	15:00:00	78.423	78.501	78.391	78.402	3520	0	20
2020.12.11	16:00:00	78.401	78.482	78.301	78.316	3967	0	20
2020.12.11	17:00:00	78.314	78.340	78.268	78.312	4258	0	20
2020.12.11	18:00:00	78.312	78.380	78.203	78.218	2788	0	20
2020.12.11	19:00:00	78.217	78.253	78.181	78.241	2049	0	20
2020.12.11	20:00:00	78.241	78.369	78.221	78.366	1470	0	20
2020.12.11	21:00:00	78.365	78.417	78.354	78.371	1951	0	20
2020.12.11	22:00:00	78.371	78.400	78.336	78.394	1261	0	20
2020.12.11	23:00:00	78.395	78.407	78.339	78.340	855	0	20
2020.12.14	00:00:00	78.483	78.519	78.424	78.450	2671	0	20
2020.12.14	01:00:00	78.444	78.567	78.421	78.480	1903	0	20
2020.12.14	02:00:00	78.480	78.490	78.270	78.280	3433	0	20
2020.12.14	03:00:00	78.280	78.392	78.280	78.354	2754	0	20
2020.12.14	04:00:00	78.354	78.394	78.321	78.372	2023	0	20
2020.12.14	05:00:00	78.373	78.400	78.341	78.346	1861	0	20
2020.12.14	06:00:00	78.346	78.451	78.346	78.450	1569	0	20
2020.12.14	07:00:00	78.448	78.492	78.395	78.480	2219	0	20
2020.12.14	08:00:00	78.481	78.565	78.481	78.553	2059	0	20
2020.12.14	09:00:00	78.553	78.643	78.531	78.572	2840	0	20
2020.12.14	10:00:00	78.572	78.695	78.532	78.552	4272	0	20
2020.12.14	11:00:00	78.552	78.588	78.416	78.416	3826	0	20
2020.12.14	12:00:00	78.417	78.471	78.366	78.465	2989	0	20
2020.12.14	13:00:00	78.464	78.548	78.457	78.502	2441	0	20
2020.12.14	14:00:00	78.503	78.571	78.441	78.509	3096	0	20
2020.12.14	15:00:00	78.509	78.553	78.439	78.454	3240	0	20
2020.12.14	16:00:00	78.453	78.503	78.403	78.453	4523	0	20
2020.12.14	17:00:00	78.451	78.507	78.406	78.439	6527	0	20
2020.12.14	18:00:00	78.441	78.445	78.361	78.410	2984	0	20
2020.12.14	19:00:00	78.409	78.489	78.409	78.475	2093	0	20
2020.12.14	20:00:00	78.477	78.511	78.434	78.482	1442	0	20
2020.12.14	21:00:00	78.482	78.513	78.458	78.488	1641	0	20
2020.12.14	22:00:00	78.485	78.488	78.362	78.363	1553	0	20
2020.12.14	23:00:00	78.363	78.391	78.327	78.354	1105	0	20
2020.12.15	00:00:00	78.351	78.396	78.312	78.323	1340	0	20
2020.12.15	01:00:00	78.317	78.404	78.316	78.361	1549	0	20
2020.12.15	02:00:00	78.362	78.534	78.350	78.472	2924	0	20
2020.12.15	03:00:00	78.473	78.520	78.357	78.424	2552	0	20
2020.12.15	04:00:00	78.420	78.439	78.328	78.384	2403	0	20
2020.12.15	05:00:00	78.384	78.398	78.222	78.266	2060	0	20
2020.12.15	06:00:00	78.267	78.270	78.155	78.180	1337	0	20
2020.12.15	07:00:00	78.181	78.297	78.181	78.258	2030	0	20
2020.12.15	08:00:00	78.258	78.305	78.243	78.295	1731	0	20
2020.12.15	09:00:00	78.293	78.362	78.264	78.277	2249	0	20
2020.12.15	10:00:00	78.277	78.312	78.196	78.280	3132	0	20
2020.12.15	11:00:00	78.280	78.329	78.226	78.307	2620	0	20
2020.12.15	12:00:00	78.307	78.339	78.211	78.219	1962	0	20
2020.12.15	13:00:00	78.219	78.287	78.172	78.181	2503	0	20
2020.12.15	14:00:00	78.184	78.292	78.174	78.182	2500	0	20
2020.12.15	15:00:00	78.183	78.261	78.175	78.196	3605	0	20
2020.12.15	16:00:00	78.196	78.270	78.137	78.157	3764	0	20
2020.12.15	17:00:00	78.160	78.260	78.151	78.202	3386	0	20
2020.12.15	18:00:00	78.204	78.336	78.178	78.330	2607	0	20
2020.12.15	19:00:00	78.331	78.462	78.326	78.461	1447	0	20
2020.12.15	20:00:00	78.461	78.509	78.360	78.378	2196	0	20
2020.12.15	21:00:00	78.378	78.411	78.336	78.336	1394	0	20
2020.12.15	22:00:00	78.334	78.390	78.332	78.335	1460	0	20
2020.12.15	23:00:00	78.334	78.339	78.288	78.317	1275	0	20
2020.12.16	00:00:00	78.313	78.343	78.280	78.285	1864	0	25
2020.12.16	01:00:00	78.284	78.339	78.284	78.321	1079	0	20
2020.12.16	02:00:00	78.319	78.325	78.244	78.296	2360	0	20
2020.12.16	03:00:00	78.295	78.300	78.189	78.226	1862	0	20
2020.12.16	04:00:00	78.226	78.266	78.190	78.251	1886	0	20
2020.12.16	05:00:00	78.252	78.309	78.181	78.195	1983	0	20
2020.12.16	06:00:00	78.195	78.237	78.153	78.216	2235	0	20
2020.12.16	07:00:00	78.216	78.222	78.115	78.151	2166	0	20
2020.12.16	08:00:00	78.151	78.246	78.145	78.237	1635	0	20
2020.12.16	09:00:00	78.238	78.278	78.187	78.212	2336	0	20
2020.12.16	10:00:00	78.212	78.309	78.205	78.271	4286	0	20
2020.12.16	11:00:00	78.271	78.303	78.223	78.269	2829	0	20
2020.12.16	12:00:00	78.268	78.286	78.202	78.253	2166	0	20
2020.12.16	13:00:00	78.253	78.261	78.173	78.198	1850	0	20
2020.12.16	14:00:00	78.199	78.243	78.170	78.187	2269	0	20
2020.12.16	15:00:00	78.189	78.246	78.156	78.234	3272	0	20
2020.12.16	16:00:00	78.234	78.298	78.232	78.274	3942	0	20
2020.12.16	17:00:00	78.274	78.299	78.198	78.275	4420	0	20
2020.12.16	18:00:00	78.274	78.355	78.273	78.353	2253	0	20
2020.12.16	19:00:00	78.353	78.412	78.327	78.362	1725	0	20
2020.12.16	20:00:00	78.363	78.385	78.323	78.371	1350	0	20
2020.12.16	21:00:00	78.371	78.421	78.299	78.354	5788	0	20
2020.12.16	22:00:00	78.353	78.380	78.292	78.342	3388	0	20
2020.12.16	23:00:00	78.342	78.363	78.298	78.354	1460	0	20
2020.12.17	00:00:00	78.347	78.393	78.304	78.319	2055	0	20
2020.12.17	01:00:00	78.318	78.358	78.299	78.317	1128	0	20
2020.12.17	02:00:00	78.313	78.529	78.277	78.370	3100	0	20
2020.12.17	03:00:00	78.370	78.444	78.320	78.337	3352	0	20
2020.12.17	04:00:00	78.337	78.378	78.276	78.372	1950	0	20
2020.12.17	05:00:00	78.372	78.436	78.363	78.407	1336	0	20
2020.12.17	06:00:00	78.406	78.416	78.355	78.379	1826	0	20
2020.12.17	07:00:00	78.379	78.489	78.372	78.457	1593	0	20
2020.12.17	08:00:00	78.457	78.477	78.389	78.445	1645	0	20
2020.12.17	09:00:00	78.446	78.639	78.420	78.604	3039	0	20
2020.12.17	10:00:00	78.604	78.688	78.595	78.653	3298	0	20
2020.12.17	11:00:00	78.653	78.811	78.639	78.674	2812	0	20
2020.12.17	12:00:00	78.676	78.716	78.634	78.679	2281	0	20
2020.12.17	13:00:00	78.678	78.705	78.649	78.664	2044	0	20
2020.12.17	14:00:00	78.664	78.669	78.556	78.573	2554	0	20
2020.12.17	15:00:00	78.573	78.642	78.512	78.561	3499	0	20
2020.12.17	16:00:00	78.561	78.576	78.455	78.499	3851	0	20
2020.12.17	17:00:00	78.497	78.525	78.421	78.476	4235	0	20
2020.12.17	18:00:00	78.480	78.577	78.472	78.570	2697	0	20
2020.12.17	19:00:00	78.569	78.608	78.538	78.595	1674	0	20
2020.12.17	20:00:00	78.596	78.634	78.540	78.599	1468	0	20
2020.12.17	21:00:00	78.600	78.647	78.552	78.555	1556	0	20
2020.12.17	22:00:00	78.557	78.602	78.554	78.574	1630	0	20
2020.12.17	23:00:00	78.572	78.634	78.572	78.607	1248	0	20
2020.12.18	00:00:00	78.603	78.665	78.544	78.568	3349	0	20
2020.12.18	01:00:00	78.572	78.594	78.521	78.530	1317	0	20
2020.12.18	02:00:00	78.530	78.599	78.500	78.583	2106	0	20
2020.12.18	03:00:00	78.583	78.677	78.553	78.621	2345	0	20
2020.12.18	04:00:00	78.621	78.643	78.509	78.557	2030	0	20
2020.12.18	05:00:00	78.558	78.643	78.558	78.590	2230	0	20
2020.12.18	06:00:00	78.590	78.646	78.535	78.536	1636	0	20
2020.12.18	07:00:00	78.536	78.550	78.428	78.448	2112	0	20
2020.12.18	08:00:00	78.448	78.559	78.440	78.544	2273	0	20
2020.12.18	09:00:00	78.541	78.663	78.536	78.659	2529	0	20
2020.12.18	10:00:00	78.660	78.816	78.608	78.666	3375	0	20
2020.12.18	11:00:00	78.664	78.677	78.559	78.633	3086	0	20
2020.12.18	12:00:00	78.632	78.726	78.622	78.650	2176	0	20
2020.12.18	13:00:00	78.649	78.680	78.608	78.658	2283	0	20
2020.12.18	14:00:00	78.658	78.696	78.602	78.613	3019	0	20
2020.12.18	15:00:00	78.614	78.645	78.562	78.570	3159	0	20
2020.12.18	16:00:00	78.570	78.600	78.481	78.559	3555	0	20
2020.12.18	17:00:00	78.558	78.724	78.555	78.677	4592	0	20
2020.12.18	18:00:00	78.677	78.718	78.573	78.688	3287	0	20
2020.12.18	19:00:00	78.688	78.736	78.672	78.692	2067	0	20
2020.12.18	20:00:00	78.692	78.710	78.665	78.669	1231	0	20
2020.12.18	21:00:00	78.669	78.681	78.635	78.655	1288	0	20
2020.12.18	22:00:00	78.660	78.722	78.605	78.709	2231	0	20
2020.12.18	23:00:00	78.708	78.757	78.655	78.737	2024	0	20
2020.12.21	00:00:00	78.539	78.802	78.457	78.583	1544	0	20
2020.12.21	01:00:00	78.583	78.641	78.410	78.502	2479	0	20
2020.12.21	02:00:00	78.502	78.564	78.408	78.452	3348	0	20
2020.12.21	03:00:00	78.452	78.540	78.290	78.368	4285	0	20
2020.12.21	04:00:00	78.368	78.423	78.192	78.208	3767	0	20
2020.12.21	05:00:00	78.208	78.301	78.208	78.262	2418	0	20
2020.12.21	06:00:00	78.262	78.306	78.227	78.247	1807	0	20
2020.12.21	07:00:00	78.248	78.268	78.174	78.246	3187	0	20
2020.12.21	08:00:00	78.246	78.248	78.142	78.195	2658	0	20
2020.12.21	09:00:00	78.195	78.211	77.904	77.971	4049	0	20
2020.12.21	10:00:00	77.972	78.102	77.934	78.071	5294	0	20
2020.12.21	11:00:00	78.072	78.072	77.727	77.766	4065	0	20
2020.12.21	12:00:00	77.767	77.768	77.482	77.711	7167	0	20
2020.12.21	13:00:00	77.711	77.979	77.698	77.828	5408	0	20
2020.12.21	14:00:00	77.829	77.920	77.829	77.836	4657	0	20
2020.12.21	15:00:00	77.836	77.907	77.765	77.866	5798	0	20
2020.12.21	16:00:00	77.866	78.083	77.858	78.035	5583	0	20
2020.12.21	17:00:00	78.035	78.232	77.990	78.203	5951	0	20
2020.12.21	18:00:00	78.207	78.374	78.187	78.343	4179	0	20
2020.12.21	19:00:00	78.342	78.384	78.307	78.331	3141	0	20
2020.12.21	20:00:00	78.331	78.385	78.304	78.366	2351	0	20
2020.12.21	21:00:00	78.367	78.515	78.343	78.489	2876	0	20
2020.12.21	22:00:00	78.489	78.497	78.327	78.350	2725	0	20
2020.12.21	23:00:00	78.350	78.374	78.311	78.340	1969	0	21
2020.12.22	00:00:00	78.306	78.356	78.280	78.347	696	0	20
2020.12.22	01:00:00	78.339	78.408	78.255	78.278	2041	0	20
2020.12.22	02:00:00	78.277	78.345	78.166	78.169	2912	0	20
2020.12.22	03:00:00	78.169	78.310	78.169	78.284	3292	0	20
2020.12.22	04:00:00	78.283	78.319	78.240	78.261	2515	0	20
2020.12.22	05:00:00	78.260	78.269	78.111	78.200	2790	0	20
2020.12.22	06:00:00	78.199	78.224	78.130	78.162	2668	0	20
2020.12.22	07:00:00	78.162	78.216	78.141	78.201	3385	0	20
2020.12.22	08:00:00	78.201	78.260	78.060	78.076	2842	0	20
2020.12.22	09:00:00	78.076	78.190	78.039	78.100	3614	0	20
2020.12.22	10:00:00	78.099	78.168	78.039	78.094	3624	0	20
2020.12.22	11:00:00	78.093	78.110	77.838	77.848	3361	0	20
2020.12.22	12:00:00	77.848	78.026	77.848	78.025	3326	0	20
2020.12.22	13:00:00	78.024	78.088	77.989	78.049	2450	0	20
2020.12.22	14:00:00	78.049	78.203	78.038	78.111	3252	0	20
2020.12.22	15:00:00	78.111	78.162	78.077	78.139	3152	0	20
2020.12.22	16:00:00	78.139	78.195	77.933	78.011	4042	0	20
2020.12.22	17:00:00	78.009	78.122	77.939	77.963	5397	0	20
2020.12.22	18:00:00	77.963	78.120	77.955	78.026	6783	0	20
2020.12.22	19:00:00	78.026	78.077	78.024	78.052	3672	0	20
2020.12.22	20:00:00	78.053	78.087	77.993	77.994	4599	0	20
2020.12.22	21:00:00	77.994	78.067	77.967	78.067	2670	0	20
2020.12.22	22:00:00	78.068	78.074	77.956	77.996	4324	0	20
2020.12.22	23:00:00	77.997	78.030	77.926	77.927	1930	0	20
2020.12.23	00:00:00	77.894	77.996	77.891	77.941	957	0	22
2020.12.23	01:00:00	77.941	78.192	77.941	78.183	1892	0	20
2020.12.23	02:00:00	78.180	78.190	77.960	77.978	3631	0	20
2020.12.23	03:00:00	77.978	78.133	77.950	78.064	3771	0	20
2020.12.23	04:00:00	78.064	78.097	78.014	78.068	2171	0	20
2020.12.23	05:00:00	78.068	78.157	78.050	78.154	2567	0	20
2020.12.23	06:00:00	78.154	78.167	78.109	78.110	1677	0	20
2020.12.23	07:00:00	78.110	78.141	78.061	78.070	1477	0	20
2020.12.23	08:00:00	78.070	78.143	78.067	78.107	1651	0	20
2020.12.23	09:00:00	78.108	78.311	78.101	78.275	2827	0	20
2020.12.23	10:00:00	78.275	78.286	78.161	78.234	3019	0	20
2020.12.23	11:00:00	78.234	78.322	78.219	78.266	2908	0	20
2020.12.23	12:00:00	78.265	78.294	78.206	78.289	2506	0	20
2020.12.23	13:00:00	78.289	78.310	78.247	78.282	2146	0	20
2020.12.23	14:00:00	78.283	78.290	78.210	78.219	1991	0	20
2020.12.23	15:00:00	78.219	78.313	78.104	78.273	3865	0	20
2020.12.23	16:00:00	78.273	78.484	78.270	78.396	5303	0	20
2020.12.23	17:00:00	78.398	78.500	78.350	78.492	5786	0	20
2020.12.23	18:00:00	78.493	78.574	78.488	78.515	3680	0	20
2020.12.23	19:00:00	78.515	78.521	78.427	78.455	2357	0	20
2020.12.23	20:00:00	78.455	78.551	78.451	78.533	1720	0	20
2020.12.23	21:00:00	78.533	78.559	78.446	78.469	1645	0	20
2020.12.23	22:00:00	78.469	78.504	78.418	78.479	1955	0	20
2020.12.23	23:00:00	78.479	78.513	78.435	78.450	1447	0	20
2020.12.24	00:00:00	78.337	78.440	78.307	78.400	453	0	20
2020.12.24	01:00:00	78.399	78.493	78.399	78.493	840	0	20
2020.12.24	02:00:00	78.493	78.621	78.471	78.551	2848	0	20
2020.12.24	03:00:00	78.550	78.651	78.511	78.577	3124	0	20
2020.12.24	04:00:00	78.576	78.623	78.565	78.579	2017	0	20
2020.12.24	05:00:00	78.578	78.617	78.477	78.580	2158	0	20
2020.12.24	06:00:00	78.579	78.581	78.505	78.509	1596	0	20
2020.12.24	07:00:00	78.510	78.565	78.479	78.545	1244	0	20
2020.12.24	08:00:00	78.547	78.633	78.547	78.633	1181	0	20
2020.12.24	09:00:00	78.633	78.648	78.571	78.596	2013	0	20
2020.12.24	10:00:00	78.596	78.761	78.593	78.683	2906	0	20
2020.12.24	11:00:00	78.683	78.747	78.655	78.707	2731	0	20
2020.12.24	12:00:00	78.708	78.793	78.702	78.713	2348	0	20
2020.12.24	13:00:00	78.712	78.777	78.636	78.769	1563	0	20
2020.12.24	14:00:00	78.769	78.817	78.747	78.758	1794	0	20
2020.12.24	15:00:00	78.758	78.811	78.730	78.782	1507	0	20
2020.12.24	16:00:00	78.782	78.835	78.729	78.812	2772	0	20
2020.12.24	17:00:00	78.812	78.819	78.685	78.724	2755	0	20
2020.12.24	18:00:00	78.724	78.783	78.698	78.765	1471	0	20
2020.12.24	19:00:00	78.764	78.808	78.748	78.787	1147	0	20
2020.12.24	20:00:00	78.787	78.821	78.662	78.706	1352	0	20
2020.12.24	21:00:00	78.706	78.740	78.706	78.708	512	0	28
2020.12.28	00:00:00	78.680	78.730	78.531	78.674	490	0	21
2020.12.28	01:00:00	78.674	78.793	78.664	78.781	2063	0	20
2020.12.28	02:00:00	78.781	78.834	78.572	78.673	3696	0	20
2020.12.28	03:00:00	78.673	78.773	78.603	78.736	4046	0	20
2020.12.28	04:00:00	78.737	78.860	78.713	78.845	2618	0	20
2020.12.28	05:00:00	78.845	78.873	78.812	78.829	2382	0	20
2020.12.28	06:00:00	78.829	78.833	78.756	78.769	1637	0	20
2020.12.28	07:00:00	78.770	78.803	78.717	78.760	1499	0	20
2020.12.28	08:00:00	78.763	78.843	78.738	78.816	1927	0	20
2020.12.28	09:00:00	78.817	78.860	78.788	78.803	1577	0	20
2020.12.28	10:00:00	78.801	78.808	78.705	78.730	1997	0	20
2020.12.28	11:00:00	78.730	78.766	78.685	78.741	1799	0	20
2020.12.28	12:00:00	78.743	78.743	78.592	78.646	2933	0	20
2020.12.28	13:00:00	78.646	78.679	78.555	78.601	2652	0	20
2020.12.28	14:00:00	78.601	78.660	78.541	78.656	2306	0	20
2020.12.28	15:00:00	78.657	78.688	78.576	78.611	2357	0	20
2020.12.28	16:00:00	78.611	78.740	78.604	78.700	2457	0	20
2020.12.28	17:00:00	78.699	78.708	78.468	78.546	3437	0	20
2020.12.28	18:00:00	78.546	78.626	78.529	78.576	2330	0	20
2020.12.28	19:00:00	78.576	78.653	78.542	78.623	2061	0	20
2020.12.28	20:00:00	78.623	78.653	78.573	78.622	1447	0	20
2020.12.28	21:00:00	78.624	78.665	78.584	78.659	1307	0	20
2020.12.28	22:00:00	78.658	78.691	78.654	78.676	1284	0	20
2020.12.28	23:00:00	78.676	78.684	78.629	78.667	815	0	20
2020.12.29	00:00:00	78.614	78.686	78.585	78.630	1078	0	20
2020.12.29	01:00:00	78.630	78.694	78.583	78.674	1446	0	20
2020.12.29	02:00:00	78.680	78.802	78.678	78.792	3090	0	20
2020.12.29	03:00:00	78.790	78.800	78.720	78.768	2927	0	20
2020.12.29	04:00:00	78.768	78.802	78.699	78.779	3947	0	20
2020.12.29	05:00:00	78.780	78.785	78.714	78.756	3640	0	20
2020.12.29	06:00:00	78.756	78.785	78.720	78.737	3310	0	20
2020.12.29	07:00:00	78.737	78.776	78.706	78.768	3411	0	20
2020.12.29	08:00:00	78.767	78.800	78.738	78.754	3002	0	20
2020.12.29	09:00:00	78.755	78.821	78.740	78.743	4027	0	20
2020.12.29	10:00:00	78.746	78.839	78.720	78.794	3204	0	20
2020.12.29	11:00:00	78.794	78.825	78.710	78.774	2120	0	20
2020.12.29	12:00:00	78.774	78.797	78.734	78.749	1859	0	20
2020.12.29	13:00:00	78.749	78.812	78.740	78.786	1773	0	20
2020.12.29	14:00:00	78.783	78.862	78.783	78.850	1966	0	20
2020.12.29	15:00:00	78.850	78.923	78.822	78.899	2550	0	20
2020.12.29	16:00:00	78.905	78.947	78.759	78.787	3783	0	20
2020.12.29	17:00:00	78.787	78.945	78.749	78.888	3715	0	20
2020.12.29	18:00:00	78.886	78.916	78.844	78.904	2693	0	20
2020.12.29	19:00:00	78.904	78.908	78.796	78.822	2238	0	20
2020.12.29	20:00:00	78.822	78.829	78.770	78.814	1418	0	20
2020.12.29	21:00:00	78.813	78.819	78.767	78.787	1724	0	20
2020.12.29	22:00:00	78.787	78.812	78.751	78.766	1507	0	20
2020.12.29	23:00:00	78.764	78.808	78.747	78.757	944	0	20
2020.12.30	00:00:00	78.770	78.889	78.686	78.732	680	0	20
2020.12.30	01:00:00	78.735	78.826	78.735	78.794	2012	0	20
2020.12.30	02:00:00	78.794	78.890	78.737	78.827	4012	0	20
2020.12.30	03:00:00	78.827	78.927	78.813	78.875	4201	0	20
2020.12.30	04:00:00	78.877	78.943	78.875	78.926	2229	0	20
2020.12.30	05:00:00	78.926	79.035	78.910	78.994	2674	0	20
2020.12.30	06:00:00	78.994	79.106	78.968	79.072	2100	0	20
2020.12.30	07:00:00	79.069	79.163	79.065	79.108	2698	0	20
2020.12.30	08:00:00	79.109	79.122	79.053	79.077	1956	0	20
2020.12.30	09:00:00	79.077	79.129	79.032	79.069	2043	0	20
2020.12.30	10:00:00	79.070	79.092	78.985	78.995	3160	0	20
2020.12.30	11:00:00	78.995	79.034	78.931	78.948	2285	0	20
2020.12.30	12:00:00	78.948	79.132	78.941	79.116	2272	0	20
2020.12.30	13:00:00	79.115	79.124	79.006	79.046	2284	0	20
2020.12.30	14:00:00	79.046	79.051	78.981	79.011	2047	0	20
2020.12.30	15:00:00	79.011	79.024	78.930	78.954	2575	0	20
2020.12.30	16:00:00	78.955	79.090	78.950	79.048	4442	0	20
2020.12.30	17:00:00	79.047	79.349	79.044	79.332	4484	0	20
2020.12.30	18:00:00	79.333	79.384	79.292	79.349	2784	0	20
2020.12.30	19:00:00	79.349	79.367	79.262	79.279	1646	0	20
2020.12.30	20:00:00	79.281	79.307	79.249	79.295	1228	0	20
2020.12.30	21:00:00	79.295	79.324	79.251	79.271	1526	0	20
2020.12.30	22:00:00	79.268	79.287	79.223	79.255	1360	0	20
2020.12.30	23:00:00	79.254	79.340	79.254	79.315	1096	0	21
2020.12.31	00:00:00	79.241	79.312	79.146	79.310	733	0	20
2020.12.31	01:00:00	79.309	79.357	79.272	79.272	951	0	20
2020.12.31	02:00:00	79.273	79.448	79.271	79.422	1714	0	20
2020.12.31	03:00:00	79.420	79.468	79.390	79.458	2524	0	20
2020.12.31	04:00:00	79.458	79.465	79.305	79.383	2583	0	20
2020.12.31	05:00:00	79.382	79.444	79.348	79.424	2635	0	20
2020.12.31	06:00:00	79.424	79.447	79.406	79.421	1497	0	20
2020.12.31	07:00:00	79.421	79.464	79.397	79.437	1618	0	20
2020.12.31	08:00:00	79.437	79.460	79.410	79.443	1670	0	20
2020.12.31	09:00:00	79.443	79.469	79.411	79.459	2307	0	20
2020.12.31	10:00:00	79.459	79.568	79.439	79.478	2595	0	20
2020.12.31	11:00:00	79.478	79.494	79.320	79.343	3388	0	20
2020.12.31	12:00:00	79.344	79.708	79.340	79.685	3008	0	20
2020.12.31	13:00:00	79.685	79.781	79.591	79.759	2317	0	20
2020.12.31	14:00:00	79.759	79.761	79.582	79.586	2379	0	20
2020.12.31	15:00:00	79.587	79.678	79.526	79.671	2503	0	20
2020.12.31	16:00:00	79.671	79.749	79.638	79.653	2464	0	20
2020.12.31	17:00:00	79.653	79.738	79.610	79.671	4371	0	20
2020.12.31	18:00:00	79.670	79.671	79.500	79.530	3770	0	20
2020.12.31	19:00:00	79.530	79.553	79.430	79.465	2348	0	20
2020.12.31	20:00:00	79.466	79.539	79.460	79.491	1505	0	20
2020.12.31	21:00:00	79.491	79.569	79.456	79.558	1451	0	20
2021.01.04	00:00:00	79.424	79.501	79.388	79.408	509	0	30
2021.01.04	01:00:00	79.407	79.672	79.371	79.604	3818	0	20
2021.01.04	02:00:00	79.605	79.610	79.147	79.210	4297	0	20
2021.01.04	03:00:00	79.212	79.527	79.211	79.515	4350	0	20
2021.01.04	04:00:00	79.514	79.563	79.415	79.433	3895	0	20
2021.01.04	05:00:00	79.433	79.483	79.390	79.433	2592	0	20
2021.01.04	06:00:00	79.433	79.433	79.300	79.325	1955	0	20
2021.01.04	07:00:00	79.325	79.396	79.240	79.377	2464	0	20
2021.01.04	08:00:00	79.376	79.463	79.360	79.443	2743	0	20
2021.01.04	09:00:00	79.442	79.551	79.414	79.471	3252	0	20
2021.01.04	10:00:00	79.471	79.523	79.388	79.523	4199	0	20
2021.01.04	11:00:00	79.522	79.530	79.414	79.440	3054	0	20
2021.01.04	12:00:00	79.439	79.513	79.438	79.492	3151	0	20
2021.01.04	13:00:00	79.492	79.531	79.422	79.426	2842	0	20
2021.01.04	14:00:00	79.425	79.453	79.368	79.393	3241	0	20
2021.01.04	15:00:00	79.393	79.528	79.385	79.505	3947	0	20
2021.01.04	16:00:00	79.508	79.548	79.386	79.394	5345	0	20
2021.01.04	17:00:00	79.395	79.417	79.202	79.237	6049	0	20
2021.01.04	18:00:00	79.238	79.241	78.972	78.979	5304	0	20
2021.01.04	19:00:00	78.978	79.035	78.841	79.030	4768	0	20
2021.01.04	20:00:00	79.030	79.097	79.002	79.089	2659	0	20
2021.01.04	21:00:00	79.089	79.123	79.038	79.084	2775	0	20
2021.01.04	22:00:00	79.085	79.093	78.958	79.038	3396	0	20
2021.01.04	23:00:00	79.039	79.078	78.997	79.059	1646	0	20
2021.01.05	00:00:00	78.962	79.109	78.944	79.062	698	0	24
2021.01.05	01:00:00	79.062	79.093	79.006	79.087	2607	0	20
2021.01.05	02:00:00	79.088	79.139	79.033	79.096	3039	0	20
2021.01.05	03:00:00	79.097	79.221	79.060	79.142	3549	0	20
2021.01.05	04:00:00	79.142	79.385	79.139	79.354	3601	0	20
2021.01.05	05:00:00	79.354	79.482	79.306	79.318	3563	0	20
2021.01.05	06:00:00	79.321	79.333	79.215	79.276	3204	0	20
2021.01.05	07:00:00	79.276	79.397	79.273	79.372	3252	0	20
2021.01.05	08:00:00	79.372	79.414	79.277	79.395	2758	0	20
2021.01.05	09:00:00	79.396	79.489	79.277	79.289	3638	0	20
2021.01.05	10:00:00	79.290	79.429	79.286	79.364	4469	0	20
2021.01.05	11:00:00	79.365	79.423	79.315	79.324	3302	0	20
2021.01.05	12:00:00	79.325	79.385	79.322	79.371	2587	0	20
2021.01.05	13:00:00	79.371	79.386	79.233	79.274	2874	0	20
2021.01.05	14:00:00	79.274	79.299	79.129	79.267	3623	0	20
2021.01.05	15:00:00	79.267	79.306	79.154	79.154	4014	0	20
2021.01.05	16:00:00	79.154	79.384	79.135	79.273	4869	0	20
2021.01.05	17:00:00	79.273	79.458	79.273	79.416	6584	0	20
2021.01.05	18:00:00	79.416	79.659	79.381	79.596	4937	0	20
2021.01.05	19:00:00	79.596	79.704	79.586	79.699	3799	0	20
2021.01.05	20:00:00	79.699	79.736	79.679	79.719	2420	0	20
2021.01.05	21:00:00	79.719	79.828	79.718	79.756	1845	0	20
2021.01.05	22:00:00	79.762	79.790	79.720	79.748	2093	0	20
2021.01.05	23:00:00	79.750	79.776	79.690	79.703	1283	0	20
2021.01.06	00:00:00	79.647	79.708	79.606	79.630	1186	0	21
2021.01.06	01:00:00	79.629	79.741	79.608	79.701	2567	0	20
2021.01.06	02:00:00	79.703	79.773	79.640	79.723	4622	0	20
2021.01.06	03:00:00	79.725	79.769	79.612	79.690	6854	0	20
2021.01.06	04:00:00	79.682	79.721	79.521	79.527	5485	0	20
2021.01.06	05:00:00	79.527	79.693	79.519	79.655	4596	0	20
2021.01.06	06:00:00	79.655	79.924	79.636	79.825	4474	0	20
2021.01.06	07:00:00	79.827	79.919	79.825	79.873	3232	0	20
2021.01.06	08:00:00	79.874	79.991	79.858	79.983	3147	0	20
2021.01.06	09:00:00	79.984	80.118	79.965	80.110	4530	0	20
2021.01.06	10:00:00	80.109	80.145	79.996	80.086	5112	0	20
2021.01.06	11:00:00	80.086	80.313	80.063	80.303	4310	0	20
2021.01.06	12:00:00	80.303	80.396	80.286	80.345	3394	0	20
2021.01.06	13:00:00	80.344	80.372	80.204	80.227	3519	0	20
2021.01.06	14:00:00	80.227	80.307	80.176	80.189	4456	0	20
2021.01.06	15:00:00	80.188	80.294	80.174	80.241	5565	0	20
2021.01.06	16:00:00	80.240	80.303	80.130	80.289	7703	0	20
2021.01.06	17:00:00	80.290	80.425	80.238	80.331	7420	0	20
2021.01.06	18:00:00	80.332	80.401	80.256	80.386	5531	0	20
2021.01.06	19:00:00	80.389	80.499	80.351	80.454	3930	0	20
2021.01.06	20:00:00	80.454	80.502	80.413	80.454	2812	0	20
2021.01.06	21:00:00	80.454	80.500	80.226	80.316	6535	0	20
2021.01.06	22:00:00	80.316	80.351	80.222	80.345	6694	0	20
2021.01.06	23:00:00	80.346	80.473	80.322	80.430	2316	0	20
2021.01.07	00:00:00	80.366	80.430	80.281	80.423	1227	0	23
2021.01.07	01:00:00	80.423	80.542	80.422	80.510	3103	0	20
2021.01.07	02:00:00	80.510	80.532	80.219	80.348	3978	0	20
2021.01.07	03:00:00	80.348	80.481	80.314	80.457	4809	0	20
2021.01.07	04:00:00	80.459	80.462	80.379	80.425	4392	0	20
2021.01.07	05:00:00	80.425	80.432	80.364	80.387	2946	0	20
2021.01.07	06:00:00	80.387	80.430	80.369	80.373	2407	0	20
2021.01.07	07:00:00	80.371	80.388	80.299	80.301	2358	0	20
2021.01.07	08:00:00	80.302	80.400	80.277	80.388	2703	0	20
2021.01.07	09:00:00	80.387	80.517	80.385	80.490	3900	0	20
2021.01.07	10:00:00	80.491	80.497	80.322	80.382	5020	0	20
2021.01.07	11:00:00	80.383	80.394	80.248	80.288	4897	0	20
2021.01.07	12:00:00	80.288	80.330	80.184	80.193	4425	0	20
2021.01.07	13:00:00	80.192	80.252	80.153	80.207	3778	0	20
2021.01.07	14:00:00	80.207	80.308	80.184	80.286	3728	0	20
2021.01.07	15:00:00	80.286	80.310	80.180	80.225	3788	0	20
2021.01.07	16:00:00	80.225	80.360	80.189	80.264	6097	0	20
2021.01.07	17:00:00	80.263	80.532	80.263	80.525	7061	0	20
2021.01.07	18:00:00	80.525	80.567	80.459	80.518	4007	0	20
2021.01.07	19:00:00	80.519	80.567	80.417	80.458	3268	0	20
2021.01.07	20:00:00	80.458	80.554	80.458	80.529	2316	0	20
2021.01.07	21:00:00	80.528	80.590	80.508	80.590	2246	0	20
2021.01.07	22:00:00	80.590	80.646	80.520	80.638	2422	0	20
2021.01.07	23:00:00	80.638	80.674	80.596	80.622	1503	0	20
2021.01.08	00:00:00	80.561	80.609	80.423	80.587	976	0	24
2021.01.08	01:00:00	80.587	80.682	80.587	80.630	1897	0	20
2021.01.08	02:00:00	80.630	80.689	80.503	80.538	3709	0	20
2021.01.08	03:00:00	80.538	80.585	80.474	80.535	4770	0	20
2021.01.08	04:00:00	80.536	80.592	80.508	80.543	3998	0	20
2021.01.08	05:00:00	80.542	80.629	80.522	80.604	3533	0	20
2021.01.08	06:00:00	80.605	80.657	80.560	80.649	2400	0	20
2021.01.08	07:00:00	80.649	80.770	80.647	80.728	2917	0	20
2021.01.08	08:00:00	80.728	80.821	80.716	80.807	2689	0	20
2021.01.08	09:00:00	80.806	80.916	80.705	80.734	3752	0	20
2021.01.08	10:00:00	80.734	80.759	80.657	80.710	6033	0	20
2021.01.08	11:00:00	80.710	80.779	80.635	80.761	4508	0	20
2021.01.08	12:00:00	80.761	80.782	80.706	80.764	2752	0	20
2021.01.08	13:00:00	80.764	80.857	80.708	80.835	3126	0	20
2021.01.08	14:00:00	80.835	80.841	80.774	80.781	2443	0	20
2021.01.08	15:00:00	80.782	80.790	80.663	80.739	6420	0	20
2021.01.08	16:00:00	80.740	80.847	80.662	80.686	7702	0	20
2021.01.08	17:00:00	80.685	80.767	80.534	80.765	7197	0	20
2021.01.08	18:00:00	80.765	80.796	80.654	80.786	6766	0	20
2021.01.08	19:00:00	80.785	80.821	80.664	80.693	5042	0	20
2021.01.08	20:00:00	80.693	80.707	80.375	80.437	5551	0	20
2021.01.08	21:00:00	80.441	80.546	80.435	80.512	4324	0	20
2021.01.08	22:00:00	80.512	80.671	80.501	80.648	3626	0	20
2021.01.08	23:00:00	80.646	80.737	80.634	80.716	2064	0	20
2021.01.11	00:00:00	80.527	80.706	80.411	80.595	1770	0	21
2021.01.11	01:00:00	80.585	80.622	80.263	80.350	3767	0	20
2021.01.11	02:00:00	80.350	80.438	80.295	80.316	3431	0	20
2021.01.11	03:00:00	80.316	80.353	80.262	80.282	3820	0	20
2021.01.11	04:00:00	80.280	80.300	80.153	80.299	3642	0	20
2021.01.11	05:00:00	80.298	80.329	80.237	80.274	2962	0	20
2021.01.11	06:00:00	80.274	80.302	80.156	80.192	2364	0	20
2021.01.11	07:00:00	80.192	80.224	80.163	80.222	2770	0	20
2021.01.11	08:00:00	80.220	80.262	80.135	80.234	2898	0	20
2021.01.11	09:00:00	80.232	80.282	80.189	80.204	3394	0	20
2021.01.11	10:00:00	80.202	80.380	80.178	80.242	4485	0	20
2021.01.11	11:00:00	80.241	80.332	80.226	80.262	3671	0	20
2021.01.11	12:00:00	80.262	80.377	80.235	80.335	3118	0	20
2021.01.11	13:00:00	80.334	80.347	80.230	80.265	2454	0	20
2021.01.11	14:00:00	80.265	80.329	80.226	80.319	3429	0	20
2021.01.11	15:00:00	80.319	80.322	80.042	80.054	4666	0	20
2021.01.11	16:00:00	80.054	80.143	79.985	80.029	7207	0	20
2021.01.11	17:00:00	80.029	80.228	80.022	80.215	5738	0	20
2021.01.11	18:00:00	80.214	80.342	80.110	80.328	4083	0	20
2021.01.11	19:00:00	80.328	80.336	80.282	80.315	3085	0	20
2021.01.11	20:00:00	80.312	80.348	80.238	80.310	2340	0	20
2021.01.11	21:00:00	80.311	80.315	80.256	80.267	2083	0	20
2021.01.11	22:00:00	80.267	80.286	80.164	80.206	2716	0	20
2021.01.11	23:00:00	80.207	80.249	80.175	80.209	1053	0	20
2021.01.12	00:00:00	80.143	80.251	80.124	80.200	2725	0	30
2021.01.12	01:00:00	80.199	80.299	80.184	80.255	2120	0	20
2021.01.12	02:00:00	80.252	80.312	80.177	80.287	3247	0	20
2021.01.12	03:00:00	80.288	80.359	80.189	80.286	4367	0	20
2021.01.12	04:00:00	80.286	80.303	80.188	80.258	3433	0	20
2021.01.12	05:00:00	80.259	80.314	80.250	80.269	2132	0	20
2021.01.12	06:00:00	80.269	80.316	80.170	80.222	2249	0	20
2021.01.12	07:00:00	80.221	80.334	80.185	80.320	2931	0	20
2021.01.12	08:00:00	80.320	80.396	80.281	80.388	2601	0	20
2021.01.12	09:00:00	80.388	80.490	80.349	80.468	2809	0	20
2021.01.12	10:00:00	80.467	80.497	80.391	80.418	3413	0	20
2021.01.12	11:00:00	80.419	80.606	80.410	80.585	4013	0	20
2021.01.12	12:00:00	80.584	80.594	80.470	80.476	2751	0	20
2021.01.12	13:00:00	80.476	80.549	80.423	80.472	2615	0	20
2021.01.12	14:00:00	80.472	80.564	80.458	80.542	3230	0	20
2021.01.12	15:00:00	80.543	80.550	80.282	80.324	3848	0	20
2021.01.12	16:00:00	80.323	80.417	80.255	80.399	5397	0	20
2021.01.12	17:00:00	80.399	80.503	80.368	80.495	5044	0	20
2021.01.12	18:00:00	80.493	80.538	80.422	80.473	3325	0	20
2021.01.12	19:00:00	80.473	80.510	80.345	80.477	3784	0	20
2021.01.12	20:00:00	80.477	80.593	80.451	80.583	3221	0	20
2021.01.12	21:00:00	80.583	80.678	80.568	80.664	3466	0	20
2021.01.12	22:00:00	80.663	80.675	80.618	80.642	2999	0	20
2021.01.12	23:00:00	80.640	80.678	80.624	80.643	1902	0	20
2021.01.13	00:00:00	80.637	80.717	80.516	80.620	1001	0	22
2021.01.13	01:00:00	80.620	80.671	80.602	80.657	1690	0	20
2021.01.13	02:00:00	80.657	80.672	80.463	80.484	2859	0	20
2021.01.13	03:00:00	80.484	80.555	80.434	80.471	3498	0	20
2021.01.13	04:00:00	80.472	80.505	80.393	80.424	3276	0	20
2021.01.13	05:00:00	80.424	80.479	80.407	80.429	2972	0	20
2021.01.13	06:00:00	80.429	80.460	80.392	80.423	2587	0	20
2021.01.13	07:00:00	80.423	80.475	80.419	80.469	2477	0	20
2021.01.13	08:00:00	80.469	80.558	80.453	80.540	1877	0	20
2021.01.13	09:00:00	80.540	80.601	80.460	80.474	2699	0	20
2021.01.13	10:00:00	80.475	80.491	80.409	80.470	3913	0	20
2021.01.13	11:00:00	80.470	80.547	80.427	80.490	3464	0	20
2021.01.13	12:00:00	80.491	80.521	80.431	80.498	2959	0	20
2021.01.13	13:00:00	80.498	80.521	80.425	80.454	2408	0	20
2021.01.13	14:00:00	80.455	80.470	80.313	80.349	3091	0	20
2021.01.13	15:00:00	80.350	80.467	80.304	80.318	4045	0	20
2021.01.13	16:00:00	80.317	80.396	80.254	80.327	5085	0	20
2021.01.13	17:00:00	80.328	80.460	80.275	80.420	5218	0	20
2021.01.13	18:00:00	80.420	80.440	80.373	80.406	3243	0	20
2021.01.13	19:00:00	80.407	80.455	80.311	80.446	2998	0	20
2021.01.13	20:00:00	80.445	80.497	80.429	80.455	2465	0	20
2021.01.13	21:00:00	80.456	80.492	80.408	80.414	2318	0	20
2021.01.13	22:00:00	80.414	80.446	80.327	80.358	2111	0	20
2021.01.13	23:00:00	80.358	80.390	80.305	80.322	1435	0	20
2021.01.14	00:00:00	80.274	80.359	80.248	80.313	1499	0	22
2021.01.14	01:00:00	80.312	80.425	80.305	80.418	1634	0	20
2021.01.14	02:00:00	80.418	80.500	80.393	80.490	2459	0	20
2021.01.14	03:00:00	80.490	80.510	80.445	80.464	3357	0	20
2021.01.14	04:00:00	80.465	80.567	80.416	80.565	5025	0	20
2021.01.14	05:00:00	80.565	80.583	80.513	80.535	3010	0	20
2021.01.14	06:00:00	80.535	80.628	80.528	80.618	2312	0	20
2021.01.14	07:00:00	80.618	80.691	80.545	80.681	3458	0	20
2021.01.14	08:00:00	80.681	80.767	80.666	80.682	2159	0	20
2021.01.14	09:00:00	80.683	80.697	80.585	80.668	3079	0	20
2021.01.14	10:00:00	80.668	80.740	80.638	80.726	4393	0	20
2021.01.14	11:00:00	80.726	80.771	80.630	80.759	3026	0	20
2021.01.14	12:00:00	80.759	80.790	80.700	80.722	2383	0	20
2021.01.14	13:00:00	80.723	80.789	80.689	80.726	2351	0	20
2021.01.14	14:00:00	80.727	80.772	80.680	80.688	2959	0	20
2021.01.14	15:00:00	80.688	80.708	80.550	80.566	5107	0	20
2021.01.14	16:00:00	80.566	80.670	80.551	80.585	4918	0	20
2021.01.14	17:00:00	80.586	80.719	80.575	80.674	5292	0	20
2021.01.14	18:00:00	80.674	80.744	80.649	80.737	3968	0	20
2021.01.14	19:00:00	80.736	80.830	80.734	80.813	3357	0	20
2021.01.14	20:00:00	80.813	80.830	80.759	80.791	4082	0	20
2021.01.14	21:00:00	80.791	80.843	80.769	80.775	2265	0	20
2021.01.14	22:00:00	80.778	80.817	80.713	80.761	2502	0	20
2021.01.14	23:00:00	80.764	80.802	80.716	80.729	1152	0	20
2021.01.15	00:00:00	80.650	80.761	80.632	80.725	1419	0	20
2021.01.15	01:00:00	80.726	80.748	80.703	80.733	1572	0	20
2021.01.15	02:00:00	80.733	80.780	80.686	80.699	3077	0	20
2021.01.15	03:00:00	80.699	80.706	80.577	80.593	2839	0	20
2021.01.15	04:00:00	80.593	80.643	80.565	80.637	2185	0	20
2021.01.15	05:00:00	80.637	80.662	80.542	80.560	2321	0	20
2021.01.15	06:00:00	80.559	80.674	80.522	80.574	2259	0	20
2021.01.15	07:00:00	80.574	80.579	80.450	80.481	2757	0	20
2021.01.15	08:00:00	80.482	80.504	80.339	80.372	2520	0	20
2021.01.15	09:00:00	80.371	80.418	80.318	80.322	2765	0	20
2021.01.15	10:00:00	80.321	80.366	80.151	80.243	3858	0	20
2021.01.15	11:00:00	80.245	80.320	80.240	80.261	2599	0	20
2021.01.15	12:00:00	80.262	80.333	80.258	80.267	2483	0	20
2021.01.15	13:00:00	80.267	80.278	80.124	80.185	2581	0	20
2021.01.15	14:00:00	80.184	80.217	80.114	80.177	3931	0	20
2021.01.15	15:00:00	80.176	80.198	80.081	80.097	4165	0	20
2021.01.15	16:00:00	80.097	80.151	79.967	80.065	5491	0	20
2021.01.15	17:00:00	80.065	80.078	79.710	79.989	7487	0	20
2021.01.15	18:00:00	79.989	80.162	79.927	80.144	4519	0	20
2021.01.15	19:00:00	80.144	80.180	80.084	80.139	3111	0	20
2021.01.15	20:00:00	80.138	80.145	80.071	80.092	2310	0	20
2021.01.15	21:00:00	80.093	80.127	80.051	80.051	1852	0	20
2021.01.15	22:00:00	80.052	80.084	80.014	80.048	2018	0	20
2021.01.15	23:00:00	80.048	80.082	79.988	79.995	2214	0	20
2021.01.18	00:00:00	79.976	80.050	79.962	79.991	841	0	38
2021.01.18	01:00:00	79.990	80.059	79.832	79.833	2613	0	20
2021.01.18	02:00:00	79.832	79.902	79.791	79.865	3480	0	20
2021.01.18	03:00:00	79.864	79.887	79.749	79.850	4322	0	20
2021.01.18	04:00:00	79.851	79.895	79.783	79.852	3996	0	20
2021.01.18	05:00:00	79.852	79.857	79.775	79.813	3787	0	20
2021.01.18	06:00:00	79.814	79.821	79.697	79.717	2581	0	20
2021.01.18	07:00:00	79.717	79.770	79.641	79.757	2694	0	20
2021.01.18	08:00:00	79.756	79.779	79.689	79.736	2188	0	20
2021.01.18	09:00:00	79.735	79.810	79.630	79.669	2912	0	20
2021.01.18	10:00:00	79.669	79.733	79.576	79.582	3724	0	20
2021.01.18	11:00:00	79.582	79.620	79.502	79.557	3622	0	20
2021.01.18	12:00:00	79.557	79.621	79.543	79.564	2297	0	20
2021.01.18	13:00:00	79.564	79.635	79.541	79.603	2793	0	20
2021.01.18	14:00:00	79.604	79.638	79.557	79.579	2196	0	20
2021.01.18	15:00:00	79.578	79.732	79.564	79.717	2423	0	20
2021.01.18	16:00:00	79.717	79.728	79.641	79.728	3000	0	20
2021.01.18	17:00:00	79.728	79.747	79.620	79.675	2530	0	20
2021.01.18	18:00:00	79.675	79.695	79.633	79.668	1604	0	20
2021.01.18	19:00:00	79.668	79.684	79.625	79.649	900	0	20
2021.01.18	20:00:00	79.648	79.654	79.598	79.604	2505	0	21
2021.01.18	21:00:00	79.603	79.666	79.592	79.628	1879	0	20
2021.01.18	22:00:00	79.628	79.689	79.568	79.665	3542	0	20
2021.01.18	23:00:00	79.666	79.666	79.571	79.590	3345	0	21
2021.01.19	00:00:00	79.588	79.684	79.513	79.596	1418	0	20
2021.01.19	01:00:00	79.596	79.690	79.594	79.686	1409	0	20
2021.01.19	02:00:00	79.687	79.854	79.679	79.836	2427	0	20
2021.01.19	03:00:00	79.837	80.006	79.821	79.989	3845	0	20
2021.01.19	04:00:00	79.989	80.228	79.980	80.228	4021	0	20
2021.01.19	05:00:00	80.228	80.298	80.134	80.203	3890	0	20
2021.01.19	06:00:00	80.203	80.252	80.142	80.250	2118	0	20
2021.01.19	07:00:00	80.253	80.257	80.111	80.161	2095	0	20
2021.01.19	08:00:00	80.161	80.248	80.139	80.247	1994	0	20
2021.01.19	09:00:00	80.247	80.288	80.153	80.241	2915	0	20
2021.01.19	10:00:00	80.242	80.308	80.103	80.125	3653	0	20
2021.01.19	11:00:00	80.125	80.177	80.055	80.150	2918	0	20
2021.01.19	12:00:00	80.149	80.236	80.094	80.130	3131	0	20
2021.01.19	13:00:00	80.130	80.229	80.129	80.195	2043	0	20
2021.01.19	14:00:00	80.196	80.219	80.150	80.199	2542	0	20
2021.01.19	15:00:00	80.199	80.246	80.134	80.178	3359	0	20
2021.01.19	16:00:00	80.178	80.236	80.057	80.104	4755	0	20
2021.01.19	17:00:00	80.104	80.188	79.983	80.040	5371	0	20
2021.01.19	18:00:00	80.040	80.063	79.915	79.986	3647	0	20
2021.01.19	19:00:00	79.985	79.989	79.916	79.961	2290	0	20
2021.01.19	20:00:00	79.961	79.972	79.881	79.911	1956	0	20
2021.01.19	21:00:00	79.911	79.923	79.854	79.911	1820	0	20
2021.01.19	22:00:00	79.912	79.949	79.869	79.927	2083	0	20
2021.01.19	23:00:00	79.926	79.980	79.911	79.961	1186	0	20
2021.01.20	00:00:00	79.914	80.006	79.852	79.950	1152	0	20
2021.01.20	01:00:00	79.949	80.136	79.927	80.134	1860	0	20
2021.01.20	02:00:00	80.132	80.133	80.008	80.075	3250	0	20
2021.01.20	03:00:00	80.075	80.097	79.968	80.022	3436	0	20
2021.01.20	04:00:00	80.024	80.145	80.000	80.111	2573	0	20
2021.01.20	05:00:00	80.111	80.119	80.041	80.100	2321	0	20
2021.01.20	06:00:00	80.100	80.110	80.037	80.107	2164	0	20
2021.01.20	07:00:00	80.108	80.167	80.101	80.134	1984	0	20
2021.01.20	08:00:00	80.134	80.271	80.113	80.259	2431	0	20
2021.01.20	09:00:00	80.259	80.332	80.205	80.276	2657	0	20
2021.01.20	10:00:00	80.276	80.333	80.214	80.246	3556	0	20
2021.01.20	11:00:00	80.245	80.254	80.164	80.248	3307	0	20
2021.01.20	12:00:00	80.248	80.277	80.179	80.269	2840	0	20
2021.01.20	13:00:00	80.269	80.286	80.191	80.196	2513	0	20
2021.01.20	14:00:00	80.196	80.216	80.145	80.199	2406	0	20
2021.01.20	15:00:00	80.199	80.230	80.146	80.227	3102	0	20
2021.01.20	16:00:00	80.227	80.288	80.144	80.197	4970	0	20
2021.01.20	17:00:00	80.197	80.334	80.166	80.188	6518	0	20
2021.01.20	18:00:00	80.187	80.216	80.107	80.176	3581	0	20
2021.01.20	19:00:00	80.175	80.187	80.099	80.136	2865	0	20
2021.01.20	20:00:00	80.135	80.201	80.129	80.177	2004	0	20
2021.01.20	21:00:00	80.177	80.188	80.124	80.185	1885	0	20
2021.01.20	22:00:00	80.185	80.204	80.142	80.196	2132	0	20
2021.01.20	23:00:00	80.197	80.209	80.176	80.190	1744	0	20
2021.01.21	00:00:00	80.164	80.245	80.116	80.230	1992	0	21
2021.01.21	01:00:00	80.230	80.366	80.214	80.297	1933	0	20
2021.01.21	02:00:00	80.297	80.381	80.276	80.363	2684	0	20
2021.01.21	03:00:00	80.363	80.471	80.326	80.404	3460	0	20
2021.01.21	04:00:00	80.404	80.506	80.394	80.455	2486	0	20
2021.01.21	05:00:00	80.456	80.495	80.431	80.462	2186	0	20
2021.01.21	06:00:00	80.463	80.467	80.314	80.328	1989	0	20
2021.01.21	07:00:00	80.328	80.380	80.322	80.361	2244	0	20
2021.01.21	08:00:00	80.361	80.369	80.304	80.321	1911	0	20
2021.01.21	09:00:00	80.321	80.349	80.228	80.305	2728	0	20
2021.01.21	10:00:00	80.305	80.370	80.256	80.320	3965	0	20
2021.01.21	11:00:00	80.319	80.410	80.295	80.386	3086	0	20
2021.01.21	12:00:00	80.386	80.391	80.314	80.377	2387	0	20
2021.01.21	13:00:00	80.378	80.390	80.316	80.383	2052	0	20
2021.01.21	14:00:00	80.383	80.443	80.373	80.389	2911	0	20
2021.01.21	15:00:00	80.389	80.488	80.366	80.366	5708	0	20
2021.01.21	16:00:00	80.365	80.458	80.328	80.370	5919	0	20
2021.01.21	17:00:00	80.370	80.455	80.336	80.398	4610	0	20
2021.01.21	18:00:00	80.398	80.454	80.253	80.299	3268	0	20
2021.01.21	19:00:00	80.299	80.299	80.178	80.223	2864	0	20
2021.01.21	20:00:00	80.225	80.284	80.218	80.274	1731	0	20
2021.01.21	21:00:00	80.274	80.329	80.260	80.322	2016	0	20
2021.01.21	22:00:00	80.319	80.373	80.304	80.343	2226	0	20
2021.01.21	23:00:00	80.344	80.392	80.315	80.346	1645	0	20
2021.01.22	00:00:00	80.308	80.398	80.269	80.356	2777	0	24
2021.01.22	01:00:00	80.351	80.401	80.304	80.309	2308	0	20
2021.01.22	02:00:00	80.309	80.435	80.309	80.341	3008	0	20
2021.01.22	03:00:00	80.341	80.353	80.243	80.279	3277	0	20
2021.01.22	04:00:00	80.279	80.291	80.183	80.184	3069	0	20
2021.01.22	05:00:00	80.185	80.223	80.117	80.167	2410	0	20
2021.01.22	06:00:00	80.166	80.237	80.160	80.205	1978	0	20
2021.01.22	07:00:00	80.204	80.227	80.184	80.220	2293	0	20
2021.01.22	08:00:00	80.219	80.219	80.109	80.134	2474	0	20
2021.01.22	09:00:00	80.134	80.161	80.091	80.135	2839	0	20
2021.01.22	10:00:00	80.134	80.177	80.013	80.173	4013	0	20
2021.01.22	11:00:00	80.174	80.216	80.011	80.056	3721	0	20
2021.01.22	12:00:00	80.055	80.100	79.971	79.994	3021	0	20
2021.01.22	13:00:00	79.994	80.037	79.893	79.926	3221	0	20
2021.01.22	14:00:00	79.927	80.011	79.908	80.004	3217	0	20
2021.01.22	15:00:00	80.004	80.097	79.963	80.040	4156	0	20
2021.01.22	16:00:00	80.040	80.186	80.029	80.150	4691	0	20
2021.01.22	17:00:00	80.150	80.192	80.028	80.122	5246	0	20
2021.01.22	18:00:00	80.122	80.176	80.058	80.169	4096	0	20
2021.01.22	19:00:00	80.169	80.175	80.077	80.085	2819	0	20
2021.01.22	20:00:00	80.085	80.131	80.039	80.043	2049	0	20
2021.01.22	21:00:00	80.041	80.128	80.036	80.126	1822	0	20
2021.01.22	22:00:00	80.124	80.125	80.056	80.094	2514	0	20
2021.01.22	23:00:00	80.094	80.097	79.903	80.029	2429	0	20
2021.01.25	00:00:00	80.002	80.068	79.979	80.015	557	0	24
2021.01.25	01:00:00	80.013	80.121	80.013	80.043	2312	0	20
2021.01.25	02:00:00	80.044	80.178	80.031	80.142	2673	0	20
2021.01.25	03:00:00	80.142	80.162	80.071	80.112	2990	0	20
2021.01.25	04:00:00	80.112	80.236	80.111	80.223	2793	0	20
2021.01.25	05:00:00	80.223	80.250	80.206	80.222	2024	0	20
2021.01.25	06:00:00	80.222	80.292	80.220	80.273	1612	0	20
2021.01.25	07:00:00	80.274	80.302	80.250	80.300	2525	0	20
2021.01.25	08:00:00	80.300	80.329	80.217	80.221	2536	0	20
2021.01.25	09:00:00	80.221	80.257	80.185	80.245	2935	0	20
2021.01.25	10:00:00	80.244	80.261	80.145	80.201	3638	0	20
2021.01.25	11:00:00	80.201	80.213	80.100	80.149	3499	0	20
2021.01.25	12:00:00	80.147	80.287	80.121	80.271	3033	0	20
2021.01.25	13:00:00	80.272	80.284	80.210	80.229	2781	0	20
2021.01.25	14:00:00	80.229	80.244	80.105	80.139	3173	0	20
2021.01.25	15:00:00	80.139	80.200	80.074	80.188	3968	0	20
2021.01.25	16:00:00	80.188	80.233	80.095	80.107	4977	0	20
2021.01.25	17:00:00	80.108	80.156	79.930	79.943	6131	0	20
2021.01.25	18:00:00	79.944	79.967	79.752	79.926	7074	0	20
2021.01.25	19:00:00	79.926	79.996	79.886	79.976	4371	0	20
2021.01.25	20:00:00	79.976	80.045	79.970	80.011	2908	0	20
2021.01.25	21:00:00	80.012	80.017	79.927	79.942	2425	0	20
2021.01.25	22:00:00	79.943	80.019	79.921	80.007	2526	0	20
2021.01.25	23:00:00	80.008	80.026	79.976	80.015	1743	0	21
2021.01.26	00:00:00	80.008	80.039	79.897	80.032	2533	0	22
2021.01.26	01:00:00	80.031	80.078	79.988	80.041	2156	0	20
2021.01.26	02:00:00	80.042	80.042	79.895	79.907	1999	0	20
2021.01.26	03:00:00	79.907	79.998	79.884	79.987	2621	0	20
2021.01.26	04:00:00	79.987	80.015	79.913	79.920	2482	0	20
2021.01.26	05:00:00	79.920	79.937	79.830	79.860	2069	0	20
2021.01.26	06:00:00	79.860	79.871	79.719	79.755	1864	0	20
2021.01.26	07:00:00	79.756	79.778	79.725	79.745	2132	0	20
2021.01.26	08:00:00	79.745	79.745	79.607	79.659	2559	0	20
2021.01.26	09:00:00	79.659	79.759	79.602	79.631	3741	0	20
2021.01.26	10:00:00	79.631	79.849	79.631	79.841	4884	0	20
2021.01.26	11:00:00	79.841	79.917	79.826	79.859	3437	0	20
2021.01.26	12:00:00	79.859	79.907	79.807	79.906	2497	0	20
2021.01.26	13:00:00	79.906	80.053	79.906	80.023	2935	0	20
2021.01.26	14:00:00	80.024	80.226	80.024	80.178	4038	0	20
2021.01.26	15:00:00	80.178	80.204	80.115	80.183	3463	0	20
2021.01.26	16:00:00	80.183	80.250	80.149	80.195	4202	0	20
2021.01.26	17:00:00	80.192	80.323	80.190	80.277	5302	0	20
2021.01.26	18:00:00	80.277	80.293	80.173	80.207	3794	0	20
2021.01.26	19:00:00	80.207	80.289	80.205	80.281	2359	0	20
2021.01.26	20:00:00	80.281	80.317	80.270	80.286	1711	0	20
2021.01.26	21:00:00	80.286	80.335	80.275	80.282	1466	0	20
2021.01.26	22:00:00	80.282	80.312	80.264	80.273	1469	0	20
2021.01.26	23:00:00	80.273	80.307	80.245	80.269	1662	0	20
2021.01.27	00:00:00	80.276	80.298	80.163	80.250	899	0	26
2021.01.27	01:00:00	80.250	80.321	80.248	80.315	1647	0	20
2021.01.27	02:00:00	80.315	80.431	80.303	80.363	2427	0	20
2021.01.27	03:00:00	80.363	80.402	80.255	80.289	3381	0	20
2021.01.27	04:00:00	80.289	80.289	80.205	80.207	2815	0	20
2021.01.27	05:00:00	80.207	80.285	80.192	80.254	1975	0	20
2021.01.27	06:00:00	80.254	80.261	80.162	80.217	1590	0	20
2021.01.27	07:00:00	80.218	80.288	80.210	80.284	1838	0	20
2021.01.27	08:00:00	80.284	80.289	80.199	80.237	2062	0	20
2021.01.27	09:00:00	80.237	80.240	80.174	80.234	2138	0	20
2021.01.27	10:00:00	80.234	80.238	80.130	80.144	3911	0	20
2021.01.27	11:00:00	80.144	80.230	80.120	80.166	3837	0	20
2021.01.27	12:00:00	80.166	80.228	80.139	80.179	2442	0	20
2021.01.27	13:00:00	80.179	80.179	79.990	80.035	4022	0	20
2021.01.27	14:00:00	80.035	80.064	79.878	79.886	4930	0	20
2021.01.27	15:00:00	79.886	79.975	79.840	79.927	5095	0	20
2021.01.27	16:00:00	79.927	79.975	79.621	79.757	7674	0	20
2021.01.27	17:00:00	79.756	80.035	79.742	80.008	8708	0	20
2021.01.27	18:00:00	80.011	80.030	79.917	79.933	5344	0	20
2021.01.27	19:00:00	79.932	80.116	79.915	80.104	4956	0	20
2021.01.27	20:00:00	80.104	80.112	79.977	80.032	3482	0	20
2021.01.27	21:00:00	80.032	80.099	79.799	79.806	7196	0	20
2021.01.27	22:00:00	79.805	79.865	79.703	79.784	8028	0	20
2021.01.27	23:00:00	79.780	79.821	79.648	79.768	3469	0	20
2021.01.28	00:00:00	79.719	79.791	79.696	79.720	2007	0	20
2021.01.28	01:00:00	79.720	79.767	79.586	79.639	3060	0	20
2021.01.28	02:00:00	79.640	79.747	79.481	79.494	4854	0	20
2021.01.28	03:00:00	79.494	79.766	79.484	79.738	5416	0	20
2021.01.28	04:00:00	79.742	79.785	79.605	79.662	3735	0	20
2021.01.28	05:00:00	79.661	79.665	79.562	79.603	3406	0	20
2021.01.28	06:00:00	79.603	79.607	79.480	79.548	2930	0	20
2021.01.28	07:00:00	79.547	79.627	79.532	79.595	3128	0	20
2021.01.28	08:00:00	79.592	79.594	79.493	79.574	3037	0	20
2021.01.28	09:00:00	79.574	79.574	79.337	79.432	4789	0	20
2021.01.28	10:00:00	79.435	79.534	79.205	79.226	6838	0	20
2021.01.28	11:00:00	79.225	79.337	79.190	79.326	5595	0	20
2021.01.28	12:00:00	79.324	79.411	79.275	79.364	4574	0	20
2021.01.28	13:00:00	79.364	79.408	79.274	79.289	4487	0	20
2021.01.28	14:00:00	79.289	79.370	79.280	79.347	3818	0	20
2021.01.28	15:00:00	79.348	79.670	79.278	79.654	6116	0	20
2021.01.28	16:00:00	79.655	79.911	79.655	79.782	8566	0	20
2021.01.28	17:00:00	79.781	80.049	79.764	79.983	7707	0	20
2021.01.28	18:00:00	79.983	80.078	79.961	80.029	5030	0	20
2021.01.28	19:00:00	80.029	80.074	80.014	80.064	3801	0	20
2021.01.28	20:00:00	80.063	80.197	80.036	80.176	2972	0	20
2021.01.28	21:00:00	80.176	80.207	80.131	80.199	2963	0	20
2021.01.28	22:00:00	80.196	80.226	80.137	80.143	3566	0	20
2021.01.28	23:00:00	80.141	80.142	80.014	80.028	1922	0	20
2021.01.29	00:00:00	79.975	80.098	79.924	79.996	1255	0	20
2021.01.29	01:00:00	79.996	80.060	79.975	79.996	2304	0	20
2021.01.29	02:00:00	79.996	80.125	79.990	80.079	3764	0	20
2021.01.29	03:00:00	80.078	80.222	80.050	80.060	3684	0	20
2021.01.29	04:00:00	80.061	80.080	79.910	80.001	3506	0	20
2021.01.29	05:00:00	80.001	80.013	79.845	79.847	2944	0	20
2021.01.29	06:00:00	79.847	79.901	79.796	79.896	3169	0	20
2021.01.29	07:00:00	79.896	79.922	79.810	79.870	3166	0	20
2021.01.29	08:00:00	79.871	80.052	79.840	80.022	2968	0	20
2021.01.29	09:00:00	80.022	80.072	79.919	80.000	4058	0	20
2021.01.29	10:00:00	80.002	80.111	79.913	80.104	6637	0	20
2021.01.29	11:00:00	80.105	80.195	80.033	80.166	6199	0	20
2021.01.29	12:00:00	80.165	80.195	80.044	80.175	4975	0	20
2021.01.29	13:00:00	80.175	80.389	80.165	80.321	4425	0	20
2021.01.29	14:00:00	80.321	80.413	80.221	80.221	4881	0	20
2021.01.29	15:00:00	80.220	80.568	80.063	80.506	7838	0	20
2021.01.29	16:00:00	80.506	80.638	80.418	80.531	7512	0	20
2021.01.29	17:00:00	80.531	80.573	80.308	80.318	8601	0	20
2021.01.29	18:00:00	80.315	80.331	80.115	80.153	6707	0	20
2021.01.29	19:00:00	80.153	80.204	79.978	80.014	6106	0	20
2021.01.29	20:00:00	80.014	80.099	79.921	80.018	6232	0	20
2021.01.29	21:00:00	80.018	80.123	79.988	79.995	4848	0	20
2021.01.29	22:00:00	79.996	80.132	79.990	80.029	5581	0	20
2021.01.29	23:00:00	80.028	80.055	79.938	80.005	4386	0	20
2021.02.01	00:00:00	79.877	79.937	79.851	79.920	518	0	20
2021.02.01	01:00:00	79.919	79.943	79.679	79.793	3357	0	20
2021.02.01	02:00:00	79.793	79.906	79.774	79.898	3558	0	20
2021.02.01	03:00:00	79.899	79.972	79.883	79.942	4914	0	20
2021.02.01	04:00:00	79.941	80.065	79.939	80.024	3576	0	20
2021.02.01	05:00:00	80.024	80.108	79.999	80.073	3291	0	20
2021.02.01	06:00:00	80.073	80.108	80.035	80.103	2349	0	20
2021.02.01	07:00:00	80.103	80.170	80.070	80.139	2373	0	20
2021.02.01	08:00:00	80.139	80.199	80.126	80.143	2298	0	20
2021.02.01	09:00:00	80.142	80.193	80.039	80.123	3709	0	20
2021.02.01	10:00:00	80.122	80.142	79.970	79.972	6026	0	20
2021.02.01	11:00:00	79.972	80.146	79.963	80.104	5002	0	20
2021.02.01	12:00:00	80.101	80.103	79.959	79.993	4124	0	20
2021.02.01	13:00:00	79.994	80.092	79.993	80.055	3440	0	20
2021.02.01	14:00:00	80.055	80.117	79.999	80.016	3671	0	20
2021.02.01	15:00:00	80.017	80.117	80.001	80.009	4435	0	20
2021.02.01	16:00:00	80.009	80.072	79.916	79.981	5270	0	20
2021.02.01	17:00:00	79.983	80.074	79.915	79.955	6908	0	20
2021.02.01	18:00:00	79.955	80.073	79.906	80.016	4797	0	20
2021.02.01	19:00:00	80.016	80.069	79.995	80.063	3440	0	20
2021.02.01	20:00:00	80.063	80.138	80.026	80.098	3102	0	20
2021.02.01	21:00:00	80.097	80.197	80.083	80.189	2634	0	20
2021.02.01	22:00:00	80.188	80.188	79.943	79.968	3288	0	20
2021.02.01	23:00:00	79.969	80.014	79.955	79.962	1003	0	20
2021.02.02	00:00:00	79.905	80.027	79.894	80.014	752	0	20
2021.02.02	01:00:00	80.017	80.121	80.003	80.050	1700	0	20
2021.02.02	02:00:00	80.050	80.060	79.984	80.041	3461	0	20
2021.02.02	03:00:00	80.041	80.248	80.034	80.238	3600	0	20
2021.02.02	04:00:00	80.238	80.330	80.175	80.322	2783	0	20
2021.02.02	05:00:00	80.322	80.358	80.060	80.097	3548	0	20
2021.02.02	06:00:00	80.098	80.104	79.961	80.009	1580	0	20
2021.02.02	07:00:00	80.009	80.148	80.003	80.095	2439	0	20
2021.02.02	08:00:00	80.095	80.116	79.920	79.953	1989	0	20
2021.02.02	09:00:00	79.954	79.963	79.838	79.919	3178	0	20
2021.02.02	10:00:00	79.918	80.134	79.882	80.017	5299	0	20
2021.02.02	11:00:00	80.017	80.035	79.911	79.930	3433	0	20
2021.02.02	12:00:00	79.930	79.974	79.850	79.880	3093	0	20
2021.02.02	13:00:00	79.880	79.884	79.770	79.774	2099	0	20
2021.02.02	14:00:00	79.774	79.851	79.696	79.747	1930	0	20
2021.02.02	15:00:00	79.748	79.843	79.738	79.803	3922	0	20
2021.02.02	16:00:00	79.803	79.840	79.529	79.584	5101	0	20
2021.02.02	17:00:00	79.583	79.754	79.561	79.639	6072	0	20
2021.02.02	18:00:00	79.640	79.735	79.605	79.709	3727	0	20
2021.02.02	19:00:00	79.710	79.764	79.672	79.706	2919	0	20
2021.02.02	20:00:00	79.707	79.728	79.672	79.705	2287	0	20
2021.02.02	21:00:00	79.705	79.757	79.695	79.757	1690	0	20
2021.02.02	22:00:00	79.757	79.807	79.733	79.786	2725	0	20
2021.02.02	23:00:00	79.785	79.902	79.768	79.854	2394	0	20
2021.02.03	00:00:00	79.788	79.886	79.770	79.853	1085	0	22
2021.02.03	01:00:00	79.852	79.995	79.852	79.873	1870	0	20
2021.02.03	02:00:00	79.872	79.958	79.825	79.851	2709	0	20
2021.02.03	03:00:00	79.852	79.946	79.814	79.923	3793	0	20
2021.02.03	04:00:00	79.922	79.956	79.835	79.917	2674	0	20
2021.02.03	05:00:00	79.919	79.953	79.890	79.914	2011	0	20
2021.02.03	06:00:00	79.914	79.964	79.895	79.926	1524	0	20
2021.02.03	07:00:00	79.926	80.008	79.926	79.947	1794	0	20
2021.02.03	08:00:00	79.946	79.961	79.898	79.960	1778	0	20
2021.02.03	09:00:00	79.959	80.103	79.930	80.083	2579	0	20
2021.02.03	10:00:00	80.083	80.114	79.976	79.985	3331	0	20
2021.02.03	11:00:00	79.985	80.063	79.879	80.019	3344	0	20
2021.02.03	12:00:00	80.019	80.089	79.977	80.061	2492	0	20
2021.02.03	13:00:00	80.061	80.061	79.977	80.036	1621	0	20
2021.02.03	14:00:00	80.036	80.048	79.941	79.954	2843	0	20
2021.02.03	15:00:00	79.954	80.032	79.944	79.997	3271	0	20
2021.02.03	16:00:00	79.997	80.041	79.948	80.030	4838	0	20
2021.02.03	17:00:00	80.032	80.064	79.924	79.981	5813	0	20
2021.02.03	18:00:00	79.981	80.070	79.980	80.053	3314	0	20
2021.02.03	19:00:00	80.053	80.089	80.005	80.046	2248	0	20
2021.02.03	20:00:00	80.047	80.063	79.974	80.028	1932	0	20
2021.02.03	21:00:00	80.028	80.073	80.024	80.066	1978	0	20
2021.02.03	22:00:00	80.066	80.067	80.004	80.028	2726	0	20
2021.02.03	23:00:00	80.028	80.070	80.019	80.021	1398	0	20
2021.02.04	00:00:00	79.984	80.084	79.885	80.015	1151	0	25
2021.02.04	01:00:00	80.018	80.177	80.015	80.165	1472	0	20
2021.02.04	02:00:00	80.165	80.176	80.108	80.110	2394	0	20
2021.02.04	03:00:00	80.111	80.288	80.102	80.271	3045	0	20
2021.02.04	04:00:00	80.272	80.320	80.243	80.261	2230	0	20
2021.02.04	05:00:00	80.261	80.285	80.126	80.154	3048	0	20
2021.02.04	06:00:00	80.154	80.182	80.094	80.149	2003	0	20
2021.02.04	07:00:00	80.149	80.223	80.122	80.190	3024	0	20
2021.02.04	08:00:00	80.189	80.283	80.185	80.275	2267	0	20
2021.02.04	09:00:00	80.274	80.294	80.214	80.259	2800	0	20
2021.02.04	10:00:00	80.260	80.313	80.210	80.292	4017	0	20
2021.02.04	11:00:00	80.293	80.320	80.199	80.277	3080	0	20
2021.02.04	12:00:00	80.277	80.295	80.216	80.224	1933	0	20
2021.02.04	13:00:00	80.224	80.242	80.124	80.127	1640	0	20
2021.02.04	14:00:00	80.127	80.234	80.125	80.223	3500	0	20
2021.02.04	15:00:00	80.223	80.274	80.203	80.227	3673	0	20
2021.02.04	16:00:00	80.227	80.241	80.091	80.167	4985	0	20
2021.02.04	17:00:00	80.167	80.208	80.037	80.095	4974	0	20
2021.02.04	18:00:00	80.095	80.116	80.046	80.101	2854	0	20
2021.02.04	19:00:00	80.100	80.119	80.051	80.069	2503	0	20
2021.02.04	20:00:00	80.069	80.122	80.055	80.118	1906	0	20
2021.02.04	21:00:00	80.118	80.206	80.106	80.199	1900	0	20
2021.02.04	22:00:00	80.198	80.224	80.167	80.218	2168	0	20
2021.02.04	23:00:00	80.217	80.239	80.185	80.215	1989	0	20
2021.02.05	00:00:00	80.137	80.223	80.118	80.204	1686	0	30
2021.02.05	01:00:00	80.203	80.298	80.203	80.230	2049	0	20
2021.02.05	02:00:00	80.230	80.298	80.169	80.175	3646	0	20
2021.02.05	03:00:00	80.175	80.175	80.089	80.104	3302	0	20
2021.02.05	04:00:00	80.104	80.161	80.045	80.054	2838	0	20
2021.02.05	05:00:00	80.052	80.153	80.031	80.125	2567	0	20
2021.02.05	06:00:00	80.126	80.162	80.105	80.133	2266	0	20
2021.02.05	07:00:00	80.133	80.237	80.112	80.231	2863	0	20
2021.02.05	08:00:00	80.229	80.247	80.176	80.200	2557	0	20
2021.02.05	09:00:00	80.200	80.262	80.195	80.224	2513	0	20
2021.02.05	10:00:00	80.224	80.335	80.205	80.279	4629	0	20
2021.02.05	11:00:00	80.280	80.346	80.259	80.325	2650	0	20
2021.02.05	12:00:00	80.325	80.394	80.325	80.349	2143	0	20
2021.02.05	13:00:00	80.349	80.395	80.282	80.334	2454	0	20
2021.02.05	14:00:00	80.333	80.425	80.292	80.394	2397	0	20
2021.02.05	15:00:00	80.394	80.617	80.375	80.569	5937	0	20
2021.02.05	16:00:00	80.570	80.715	80.562	80.672	5938	0	20
2021.02.05	17:00:00	80.672	80.766	80.584	80.754	4834	0	20
2021.02.05	18:00:00	80.753	80.759	80.680	80.709	3412	0	20
2021.02.05	19:00:00	80.708	80.825	80.696	80.789	2880	0	20
2021.02.05	20:00:00	80.788	80.804	80.764	80.775	2269	0	20
2021.02.05	21:00:00	80.774	80.846	80.762	80.844	1768	0	20
2021.02.05	22:00:00	80.842	80.856	80.801	80.853	2348	0	20
2021.02.05	23:00:00	80.851	80.906	80.827	80.885	1367	0	21
2021.02.08	00:00:00	80.726	80.879	80.711	80.818	1156	0	28
2021.02.08	01:00:00	80.818	80.942	80.815	80.914	4138	0	20
2021.02.08	02:00:00	80.915	80.975	80.863	80.920	4922	0	20
2021.02.08	03:00:00	80.921	80.984	80.875	80.984	2939	0	20
2021.02.08	04:00:00	80.984	80.991	80.892	80.925	2259	0	20
2021.02.08	05:00:00	80.924	80.946	80.881	80.933	1653	0	20
2021.02.08	06:00:00	80.933	80.986	80.928	80.943	1417	0	20
2021.02.08	07:00:00	80.943	80.982	80.939	80.959	1809	0	20
2021.02.08	08:00:00	80.960	80.992	80.950	80.967	1763	0	20
2021.02.08	09:00:00	80.967	80.993	80.950	80.954	2354	0	20
2021.02.08	10:00:00	80.954	80.998	80.896	80.963	3540	0	20
2021.02.08	11:00:00	80.963	80.970	80.857	80.938	3865	0	20
2021.02.08	12:00:00	80.938	80.953	80.824	80.866	2737	0	20
2021.02.08	13:00:00	80.866	80.915	80.829	80.852	2115	0	20
2021.02.08	14:00:00	80.852	80.888	80.822	80.872	2619	0	20
2021.02.08	15:00:00	80.875	80.967	80.856	80.919	3028	0	20
2021.02.08	16:00:00	80.919	81.098	80.871	81.081	3878	0	20
2021.02.08	17:00:00	81.081	81.181	81.075	81.096	4802	0	20
2021.02.08	18:00:00	81.096	81.101	80.951	81.000	3405	0	20
2021.02.08	19:00:00	81.001	81.077	80.999	81.015	2695	0	20
2021.02.08	20:00:00	81.015	81.015	80.971	80.991	1701	0	20
2021.02.08	21:00:00	80.991	81.056	80.988	81.055	1163	0	20
2021.02.08	22:00:00	81.053	81.053	81.003	81.050	1685	0	20
2021.02.08	23:00:00	81.050	81.066	81.027	81.061	1406	0	20
2021.02.09	00:00:00	80.992	81.092	80.955	81.046	2741	0	31
2021.02.09	01:00:00	81.048	81.096	81.031	81.093	1097	0	20
2021.02.09	02:00:00	81.093	81.124	81.023	81.111	2571	0	20
2021.02.09	03:00:00	81.112	81.150	81.076	81.102	2758	0	20
2021.02.09	04:00:00	81.102	81.145	81.062	81.088	2950	0	20
2021.02.09	05:00:00	81.087	81.108	81.060	81.074	2029	0	20
2021.02.09	06:00:00	81.074	81.079	81.006	81.013	1531	0	20
2021.02.09	07:00:00	81.014	81.071	81.012	81.050	1529	0	20
2021.02.09	08:00:00	81.050	81.058	80.921	80.932	2098	0	20
2021.02.09	09:00:00	80.932	80.951	80.856	80.867	2562	0	20
2021.02.09	10:00:00	80.868	80.952	80.814	80.948	3787	0	20
2021.02.09	11:00:00	80.948	80.967	80.836	80.858	3393	0	20
2021.02.09	12:00:00	80.857	80.899	80.806	80.808	2430	0	20
2021.02.09	13:00:00	80.810	80.827	80.741	80.787	2418	0	20
2021.02.09	14:00:00	80.789	80.798	80.712	80.718	2240	0	20
2021.02.09	15:00:00	80.718	80.795	80.673	80.794	3282	0	20
2021.02.09	16:00:00	80.794	80.802	80.659	80.747	4627	0	20
2021.02.09	17:00:00	80.747	80.798	80.636	80.776	4065	0	20
2021.02.09	18:00:00	80.776	80.802	80.685	80.795	3235	0	20
2021.02.09	19:00:00	80.794	80.849	80.780	80.813	2639	0	20
2021.02.09	20:00:00	80.813	80.828	80.784	80.808	1531	0	20
2021.02.09	21:00:00	80.808	80.914	80.805	80.884	2154	0	20
2021.02.09	22:00:00	80.883	80.921	80.866	80.892	1850	0	20
2021.02.09	23:00:00	80.890	80.925	80.873	80.901	1434	0	20
2021.02.10	00:00:00	80.898	80.941	80.810	80.853	923	0	23
2021.02.10	01:00:00	80.864	80.956	80.841	80.936	1304	0	20
2021.02.10	02:00:00	80.936	80.947	80.846	80.891	2022	0	20
2021.02.10	03:00:00	80.891	80.931	80.859	80.906	2657	0	20
2021.02.10	04:00:00	80.907	80.955	80.875	80.879	1856	0	20
2021.02.10	05:00:00	80.879	80.933	80.873	80.917	1715	0	20
2021.02.10	06:00:00	80.917	80.938	80.894	80.917	929	0	20
2021.02.10	07:00:00	80.917	80.941	80.899	80.920	1289	0	20
2021.02.10	08:00:00	80.920	80.938	80.903	80.928	1255	0	20
2021.02.10	09:00:00	80.928	80.982	80.908	80.964	2169	0	20
2021.02.10	10:00:00	80.964	80.977	80.872	80.924	3468	0	20
2021.02.10	11:00:00	80.924	80.959	80.823	80.905	3689	0	20
2021.02.10	12:00:00	80.905	80.969	80.849	80.960	2801	0	20
2021.02.10	13:00:00	80.960	81.043	80.959	81.015	1893	0	20
2021.02.10	14:00:00	81.014	81.030	80.953	80.969	2364	0	20
2021.02.10	15:00:00	80.968	81.090	80.950	81.008	4184	0	20
2021.02.10	16:00:00	81.009	81.082	80.997	81.033	3959	0	20
2021.02.10	17:00:00	81.033	81.086	80.829	80.925	6720	0	20
2021.02.10	18:00:00	80.925	80.975	80.872	80.938	4322	0	20
2021.02.10	19:00:00	80.939	80.945	80.868	80.931	4077	0	20
2021.02.10	20:00:00	80.930	80.930	80.835	80.854	2237	0	20
2021.02.10	21:00:00	80.856	80.893	80.812	80.861	2507	0	20
2021.02.10	22:00:00	80.860	80.883	80.744	80.770	2550	0	20
2021.02.10	23:00:00	80.766	80.796	80.745	80.751	1674	0	20
2021.02.11	00:00:00	80.745	80.798	80.724	80.769	2001	0	31
2021.02.11	01:00:00	80.769	80.811	80.764	80.795	646	0	20
2021.02.11	02:00:00	80.795	80.800	80.672	80.675	1075	0	20
2021.02.11	03:00:00	80.675	80.718	80.663	80.686	1048	0	20
2021.02.11	04:00:00	80.684	80.795	80.684	80.794	1292	0	20
2021.02.11	05:00:00	80.794	80.877	80.756	80.870	1365	0	20
2021.02.11	06:00:00	80.870	80.917	80.870	80.891	1121	0	20
2021.02.11	07:00:00	80.891	80.959	80.888	80.955	1010	0	20
2021.02.11	08:00:00	80.955	81.046	80.950	81.020	1127	0	20
2021.02.11	09:00:00	81.020	81.060	80.995	81.009	1710	0	20
2021.02.11	10:00:00	81.009	81.053	80.980	81.025	2901	0	20
2021.02.11	11:00:00	81.025	81.094	80.995	81.049	1912	0	20
2021.02.11	12:00:00	81.049	81.081	80.996	81.029	1529	0	20
2021.02.11	13:00:00	81.029	81.116	81.021	81.097	1475	0	20
2021.02.11	14:00:00	81.094	81.180	81.089	81.177	1567	0	20
2021.02.11	15:00:00	81.177	81.322	81.173	81.301	2194	0	20
2021.02.11	16:00:00	81.300	81.361	81.211	81.211	4057	0	20
2021.02.11	17:00:00	81.211	81.299	81.211	81.261	3423	0	20
2021.02.11	18:00:00	81.261	81.267	81.211	81.238	2747	0	20
2021.02.11	19:00:00	81.238	81.264	81.149	81.179	3353	0	20
2021.02.11	20:00:00	81.179	81.222	81.135	81.201	2067	0	20
2021.02.11	21:00:00	81.201	81.205	81.140	81.163	1827	0	20
2021.02.11	22:00:00	81.164	81.206	81.153	81.200	1595	0	20
2021.02.11	23:00:00	81.200	81.212	81.178	81.199	1039	0	20
2021.02.12	00:00:00	81.184	81.325	81.143	81.191	1368	0	21
2021.02.12	01:00:00	81.193	81.208	81.129	81.188	1121	0	20
2021.02.12	02:00:00	81.190	81.248	81.143	81.173	1712	0	20
2021.02.12	03:00:00	81.172	81.233	81.167	81.199	1358	0	20
2021.02.12	04:00:00	81.197	81.197	81.076	81.090	1701	0	20
2021.02.12	05:00:00	81.090	81.126	81.081	81.115	1145	0	20
2021.02.12	06:00:00	81.115	81.165	81.112	81.152	1164	0	20
2021.02.12	07:00:00	81.152	81.267	81.151	81.259	1261	0	20
2021.02.12	08:00:00	81.260	81.260	81.133	81.149	1271	0	20
2021.02.12	09:00:00	81.148	81.243	81.134	81.192	1806	0	20
2021.02.12	10:00:00	81.192	81.222	81.087	81.112	3134	0	20
2021.02.12	11:00:00	81.112	81.227	81.105	81.135	2620	0	20
2021.02.12	12:00:00	81.134	81.152	81.110	81.143	1764	0	20
2021.02.12	13:00:00	81.142	81.152	81.112	81.131	1540	0	20
2021.02.12	14:00:00	81.133	81.167	81.119	81.161	1977	0	20
2021.02.12	15:00:00	81.161	81.196	81.104	81.133	2727	0	20
2021.02.12	16:00:00	81.133	81.230	81.119	81.198	3375	0	20
2021.02.12	17:00:00	81.198	81.343	81.198	81.324	3906	0	20
2021.02.12	18:00:00	81.327	81.474	81.280	81.442	2826	0	20
2021.02.12	19:00:00	81.442	81.455	81.386	81.405	2019	0	20
2021.02.12	20:00:00	81.405	81.426	81.362	81.420	1543	0	20
2021.02.12	21:00:00	81.420	81.428	81.386	81.402	1257	0	20
2021.02.12	22:00:00	81.400	81.415	81.370	81.395	1235	0	20
2021.02.12	23:00:00	81.395	81.450	81.387	81.411	1745	0	20
2021.02.15	00:00:00	81.411	81.491	81.395	81.437	1182	0	33
2021.02.15	01:00:00	81.437	81.570	81.421	81.553	2411	0	20
2021.02.15	02:00:00	81.555	81.666	81.521	81.550	1855	0	20
2021.02.15	03:00:00	81.550	81.586	81.503	81.573	1744	0	20
2021.02.15	04:00:00	81.572	81.633	81.557	81.621	1358	0	20
2021.02.15	05:00:00	81.621	81.772	81.620	81.768	1200	0	20
2021.02.15	06:00:00	81.768	81.807	81.699	81.721	1310	0	20
2021.02.15	07:00:00	81.720	81.799	81.717	81.782	1028	0	20
2021.02.15	08:00:00	81.781	81.829	81.763	81.770	1230	0	20
2021.02.15	09:00:00	81.770	81.809	81.733	81.791	1505	0	20
2021.02.15	10:00:00	81.792	81.930	81.763	81.898	2271	0	20
2021.02.15	11:00:00	81.897	81.950	81.878	81.920	1846	0	20
2021.02.15	12:00:00	81.920	81.966	81.889	81.920	1561	0	20
2021.02.15	13:00:00	81.920	81.935	81.844	81.847	1538	0	20
2021.02.15	14:00:00	81.846	81.931	81.818	81.896	1810	0	20
2021.02.15	15:00:00	81.896	81.906	81.849	81.871	1622	0	20
2021.02.15	16:00:00	81.871	81.905	81.858	81.880	1754	0	20
2021.02.15	17:00:00	81.880	81.999	81.867	81.993	1765	0	20
2021.02.15	18:00:00	81.994	82.041	81.946	82.040	1425	0	20
2021.02.15	19:00:00	82.040	82.041	81.944	81.954	1082	0	20
2021.02.15	20:00:00	81.976	81.998	81.862	81.972	1405	0	20
2021.02.15	21:00:00	81.972	81.990	81.960	81.977	964	0	20
2021.02.15	22:00:00	81.978	81.990	81.932	81.946	576	0	23
2021.02.15	23:00:00	81.945	81.987	81.925	81.951	1886	0	25
2021.02.16	00:00:00	81.955	82.014	81.859	81.962	1735	0	20
2021.02.16	01:00:00	81.962	82.079	81.949	82.027	1305	0	20
2021.02.16	02:00:00	82.027	82.180	82.021	82.125	2171	0	20
2021.02.16	03:00:00	82.126	82.308	82.082	82.254	2284	0	20
2021.02.16	04:00:00	82.255	82.405	82.239	82.349	2005	0	20
2021.02.16	05:00:00	82.350	82.392	82.329	82.384	1511	0	20
2021.02.16	06:00:00	82.385	82.397	82.267	82.270	1345	0	20
2021.02.16	07:00:00	82.270	82.313	81.995	82.071	2354	0	20
2021.02.16	08:00:00	82.071	82.196	82.037	82.129	1783	0	20
2021.02.16	09:00:00	82.132	82.189	81.991	82.027	2421	0	20
2021.02.16	10:00:00	82.027	82.166	82.022	82.163	2803	0	20
2021.02.16	11:00:00	82.163	82.174	81.983	82.032	2568	0	20
2021.02.16	12:00:00	82.032	82.083	81.998	82.054	1997	0	20
2021.02.16	13:00:00	82.054	82.160	81.999	82.156	1991	0	20
2021.02.16	14:00:00	82.155	82.229	82.056	82.110	2689	0	20
2021.02.16	15:00:00	82.110	82.111	81.969	81.981	4079	0	20
2021.02.16	16:00:00	81.981	82.019	81.870	81.975	4980	0	20
2021.02.16	17:00:00	81.978	82.159	81.944	82.158	4865	0	20
2021.02.16	18:00:00	82.158	82.212	82.080	82.130	3619	0	20
2021.02.16	19:00:00	82.131	82.154	82.059	82.116	2837	0	20
2021.02.16	20:00:00	82.116	82.197	82.115	82.185	1825	0	20
2021.02.16	21:00:00	82.185	82.204	82.169	82.186	1635	0	20
2021.02.16	22:00:00	82.186	82.221	82.155	82.179	1856	0	20
2021.02.16	23:00:00	82.179	82.236	82.154	82.200	1492	0	20
2021.02.17	00:00:00	82.216	82.246	82.136	82.209	1185	0	30
2021.02.17	01:00:00	82.209	82.234	82.070	82.075	2479	0	20
2021.02.17	02:00:00	82.079	82.171	82.059	82.151	2939	0	20
2021.02.17	03:00:00	82.151	82.156	82.081	82.128	2398	0	20
2021.02.17	04:00:00	82.128	82.155	82.086	82.140	2295	0	20
2021.02.17	05:00:00	82.137	82.163	82.089	82.125	1871	0	20
2021.02.17	06:00:00	82.124	82.131	82.053	82.062	1513	0	20
2021.02.17	07:00:00	82.062	82.113	82.042	82.063	1851	0	20
2021.02.17	08:00:00	82.064	82.146	82.038	82.130	1983	0	20
2021.02.17	09:00:00	82.128	82.171	82.097	82.098	2630	0	20
2021.02.17	10:00:00	82.101	82.283	82.073	82.229	3534	0	20
2021.02.17	11:00:00	82.232	82.259	82.159	82.166	2962	0	20
2021.02.17	12:00:00	82.166	82.178	82.083	82.104	2123	0	20
2021.02.17	13:00:00	82.104	82.115	82.023	82.052	1810	0	20
2021.02.17	14:00:00	82.053	82.160	82.027	82.148	1938	0	20
2021.02.17	15:00:00	82.148	82.159	82.016	82.031	4177	0	20
2021.02.17	16:00:00	82.029	82.053	81.750	81.955	5178	0	20
2021.02.17	17:00:00	81.955	81.978	81.827	81.920	4573	0	20
2021.02.17	18:00:00	81.920	81.927	81.781	81.897	4251	0	20
2021.02.17	19:00:00	81.896	82.020	81.864	81.997	2568	0	20
2021.02.17	20:00:00	81.997	82.052	81.991	82.016	2405	0	20
2021.02.17	21:00:00	82.016	82.063	82.008	82.057	2152	0	20
2021.02.17	22:00:00	82.061	82.089	82.040	82.061	1769	0	20
2021.02.17	23:00:00	82.060	82.072	82.037	82.040	938	0	20
2021.02.18	00:00:00	82.036	82.083	81.983	82.072	945	0	20
2021.02.18	01:00:00	82.071	82.124	82.046	82.112	803	0	20
2021.02.18	02:00:00	82.109	82.186	81.963	82.044	2857	0	20
2021.02.18	03:00:00	82.044	82.098	81.994	82.034	2943	0	20
2021.02.18	04:00:00	82.034	82.149	81.970	82.145	2302	0	20
2021.02.18	05:00:00	82.145	82.150	82.020	82.061	1946	0	20
2021.02.18	06:00:00	82.062	82.089	82.016	82.068	1731	0	20
2021.02.18	07:00:00	82.068	82.131	82.056	82.088	1632	0	20
2021.02.18	08:00:00	82.088	82.141	82.059	82.101	1498	0	20
2021.02.18	09:00:00	82.101	82.122	82.035	82.087	2310	0	20
2021.02.18	10:00:00	82.086	82.227	82.024	82.222	3523	0	20
2021.02.18	11:00:00	82.221	82.259	82.158	82.216	3031	0	20
2021.02.18	12:00:00	82.215	82.249	82.147	82.160	2169	0	20
2021.02.18	13:00:00	82.160	82.204	82.127	82.189	2097	0	20
2021.02.18	14:00:00	82.191	82.290	82.161	82.255	2481	0	20
2021.02.18	15:00:00	82.255	82.285	82.116	82.138	3349	0	20
2021.02.18	16:00:00	82.139	82.152	82.036	82.124	5152	0	20
2021.02.18	17:00:00	82.123	82.134	81.815	81.872	5253	0	20
2021.02.18	18:00:00	81.871	81.979	81.852	81.897	3365	0	20
2021.02.18	19:00:00	81.897	81.962	81.853	81.934	2549	0	20
2021.02.18	20:00:00	81.934	82.043	81.933	82.017	1919	0	20
2021.02.18	21:00:00	82.017	82.098	82.010	82.080	1563	0	20
2021.02.18	22:00:00	82.080	82.095	82.043	82.062	1600	0	20
2021.02.18	23:00:00	82.061	82.121	82.059	82.083	1133	0	20
2021.02.19	00:00:00	82.088	82.106	82.007	82.081	734	0	26
2021.02.19	01:00:00	82.081	82.128	82.048	82.063	912	0	20
2021.02.19	02:00:00	82.063	82.163	82.057	82.141	2014	0	20
2021.02.19	03:00:00	82.141	82.156	81.988	82.088	3098	0	20
2021.02.19	04:00:00	82.088	82.102	82.000	82.050	2567	0	20
2021.02.19	05:00:00	82.050	82.052	82.007	82.032	1879	0	20
2021.02.19	06:00:00	82.031	82.063	81.980	82.021	1578	0	20
2021.02.19	07:00:00	82.020	82.170	81.996	82.157	2332	0	20
2021.02.19	08:00:00	82.156	82.261	82.138	82.254	2318	0	20
2021.02.19	09:00:00	82.253	82.372	82.234	82.339	2330	0	20
2021.02.19	10:00:00	82.342	82.398	82.236	82.339	3717	0	20
2021.02.19	11:00:00	82.338	82.574	82.285	82.494	3397	0	20
2021.02.19	12:00:00	82.493	82.600	82.470	82.583	2849	0	20
2021.02.19	13:00:00	82.582	82.616	82.513	82.607	2350	0	20
2021.02.19	14:00:00	82.609	82.810	82.605	82.715	2775	0	20
2021.02.19	15:00:00	82.715	82.927	82.672	82.915	3484	0	20
2021.02.19	16:00:00	82.914	82.945	82.810	82.894	4313	0	20
2021.02.19	17:00:00	82.894	83.059	82.870	83.035	4357	0	20
2021.02.19	18:00:00	83.033	83.140	82.988	83.106	3069	0	20
2021.02.19	19:00:00	83.107	83.147	82.982	82.997	3044	0	20
2021.02.19	20:00:00	82.997	83.040	82.921	82.977	2988	0	20
2021.02.19	21:00:00	82.976	82.993	82.892	82.959	1943	0	20
2021.02.19	22:00:00	82.959	82.987	82.904	82.960	2042	0	20
2021.02.19	23:00:00	82.961	82.981	82.924	82.945	2070	0	20
2021.02.22	00:00:00	82.932	83.119	82.932	83.011	735	0	20
2021.02.22	01:00:00	83.012	83.253	83.009	83.179	2649	0	20
2021.02.22	02:00:00	83.177	83.292	83.087	83.149	2673	0	20
2021.02.22	03:00:00	83.149	83.422	83.149	83.364	3498	0	20
2021.02.22	04:00:00	83.364	83.398	83.156	83.213	3518	0	20
2021.02.22	05:00:00	83.213	83.218	83.105	83.214	2617	0	20
2021.02.22	06:00:00	83.214	83.258	83.175	83.230	1799	0	20
2021.02.22	07:00:00	83.230	83.328	83.222	83.248	2230	0	20
2021.02.22	08:00:00	83.248	83.259	83.194	83.234	1873	0	20
2021.02.22	09:00:00	83.233	83.300	83.076	83.232	3801	0	20
2021.02.22	10:00:00	83.233	83.292	83.122	83.195	4092	0	20
2021.02.22	11:00:00	83.196	83.292	83.127	83.182	3332	0	20
2021.02.22	12:00:00	83.182	83.272	83.154	83.205	2278	0	20
2021.02.22	13:00:00	83.205	83.273	83.171	83.234	2479	0	20
2021.02.22	14:00:00	83.234	83.285	83.214	83.239	2140	0	20
2021.02.22	15:00:00	83.239	83.287	83.118	83.208	3380	0	20
2021.02.22	16:00:00	83.205	83.213	83.032	83.072	4816	0	20
2021.02.22	17:00:00	83.067	83.158	82.980	83.056	5004	0	20
2021.02.22	18:00:00	83.054	83.168	83.003	83.160	3281	0	20
2021.02.22	19:00:00	83.160	83.193	83.121	83.184	2252	0	20
2021.02.22	20:00:00	83.182	83.251	83.159	83.207	1829	0	20
2021.02.22	21:00:00	83.211	83.253	83.179	83.207	1566	0	20
2021.02.22	22:00:00	83.208	83.211	83.125	83.142	2363	0	20
2021.02.22	23:00:00	83.141	83.179	83.140	83.167	938	0	20
2021.02.23	00:00:00	83.111	83.171	83.094	83.139	1397	0	28
2021.02.23	01:00:00	83.137	83.160	83.082	83.098	1371	0	20
2021.02.23	02:00:00	83.098	83.159	83.071	83.082	1742	0	20
2021.02.23	03:00:00	83.080	83.278	83.061	83.244	2675	0	20
2021.02.23	04:00:00	83.244	83.258	83.095	83.118	1827	0	20
2021.02.23	05:00:00	83.118	83.130	83.060	83.110	1635	0	20
2021.02.23	06:00:00	83.111	83.206	83.092	83.184	1179	0	20
2021.02.23	07:00:00	83.182	83.208	83.147	83.184	1329	0	20
2021.02.23	08:00:00	83.184	83.215	83.157	83.182	1630	0	20
2021.02.23	09:00:00	83.184	83.276	83.157	83.220	2258	0	20
2021.02.23	10:00:00	83.220	83.250	83.092	83.250	3586	0	20
2021.02.23	11:00:00	83.249	83.249	83.113	83.148	3645	0	20
2021.02.23	12:00:00	83.148	83.153	83.050	83.086	3642	0	20
2021.02.23	13:00:00	83.086	83.196	83.064	83.183	2836	0	20
2021.02.23	14:00:00	83.182	83.239	83.152	83.234	2230	0	20
2021.02.23	15:00:00	83.232	83.260	83.183	83.238	2814	0	20
2021.02.23	16:00:00	83.235	83.289	82.906	83.019	4336	0	20
2021.02.23	17:00:00	83.021	83.204	83.003	83.122	6514	0	20
2021.02.23	18:00:00	83.122	83.214	83.101	83.120	4169	0	20
2021.02.23	19:00:00	83.118	83.194	83.081	83.149	3556	0	20
2021.02.23	20:00:00	83.149	83.249	83.131	83.230	2792	0	20
2021.02.23	21:00:00	83.229	83.316	83.202	83.311	2750	0	20
2021.02.23	22:00:00	83.312	83.356	83.286	83.309	2357	0	20
2021.02.23	23:00:00	83.310	83.320	83.240	83.262	1009	0	20
2021.02.24	00:00:00	83.197	83.295	83.100	83.253	1539	0	30
2021.02.24	01:00:00	83.253	83.316	83.146	83.250	1740	0	20
2021.02.24	02:00:00	83.251	83.501	83.232	83.473	2480	0	20
2021.02.24	03:00:00	83.472	83.788	83.398	83.690	4406	0	20
2021.02.24	04:00:00	83.689	83.718	83.557	83.667	2910	0	20
2021.02.24	05:00:00	83.667	83.688	83.554	83.559	2877	0	20
2021.02.24	06:00:00	83.560	83.571	83.436	83.472	2066	0	20
2021.02.24	07:00:00	83.469	83.514	83.364	83.477	2762	0	20
2021.02.24	08:00:00	83.476	83.519	83.404	83.476	2546	0	20
2021.02.24	09:00:00	83.477	83.622	83.474	83.560	3154	0	20
2021.02.24	10:00:00	83.559	83.724	83.501	83.703	4278	0	20
2021.02.24	11:00:00	83.702	83.793	83.618	83.742	3518	0	20
2021.02.24	12:00:00	83.742	83.769	83.657	83.713	2703	0	20
2021.02.24	13:00:00	83.713	83.894	83.713	83.856	2483	0	20
2021.02.24	14:00:00	83.855	83.901	83.834	83.865	2697	0	20
2021.02.24	15:00:00	83.865	83.889	83.737	83.769	4499	0	20
2021.02.24	16:00:00	83.769	83.872	83.729	83.844	6140	0	20
2021.02.24	17:00:00	83.845	83.972	83.796	83.882	5877	0	20
2021.02.24	18:00:00	83.881	84.042	83.851	84.018	3886	0	20
2021.02.24	19:00:00	84.018	84.098	84.015	84.070	2650	0	20
2021.02.24	20:00:00	84.069	84.182	84.047	84.134	2471	0	20
2021.02.24	21:00:00	84.134	84.171	84.084	84.139	2685	0	20
2021.02.24	22:00:00	84.138	84.336	84.131	84.314	2703	0	20
2021.02.24	23:00:00	84.315	84.409	84.291	84.315	1128	0	20
2021.02.25	00:00:00	84.290	84.355	84.233	84.296	2460	0	20
2021.02.25	01:00:00	84.295	84.517	84.276	84.500	2045	0	20
2021.02.25	02:00:00	84.500	84.524	84.396	84.470	2639	0	20
2021.02.25	03:00:00	84.470	84.524	84.413	84.457	3441	0	20
2021.02.25	04:00:00	84.460	84.462	84.328	84.334	2219	0	20
2021.02.25	05:00:00	84.330	84.386	84.314	84.364	1903	0	20
2021.02.25	06:00:00	84.366	84.418	84.336	84.340	1943	0	20
2021.02.25	07:00:00	84.340	84.472	84.328	84.405	2368	0	20
2021.02.25	08:00:00	84.404	84.494	84.404	84.480	2231	0	20
2021.02.25	09:00:00	84.479	84.684	84.439	84.669	2788	0	20
2021.02.25	10:00:00	84.673	84.858	84.662	84.851	3866	0	20
2021.02.25	11:00:00	84.850	84.941	84.784	84.846	3062	0	20
2021.02.25	12:00:00	84.844	84.852	84.749	84.843	3108	0	20
2021.02.25	13:00:00	84.843	84.911	84.675	84.679	3499	0	20
2021.02.25	14:00:00	84.680	84.808	84.679	84.768	2815	0	20
2021.02.25	15:00:00	84.768	84.768	84.636	84.636	3933	0	20
2021.02.25	16:00:00	84.637	84.711	84.582	84.670	4818	0	20
2021.02.25	17:00:00	84.670	84.671	84.446	84.542	6603	0	20
2021.02.25	18:00:00	84.539	84.588	84.423	84.463	5085	0	20
2021.02.25	19:00:00	84.462	84.471	84.150	84.157	5524	0	20
2021.02.25	20:00:00	84.155	84.180	83.501	83.699	8321	0	20
2021.02.25	21:00:00	83.698	84.004	83.653	83.932	5792	0	20
2021.02.25	22:00:00	83.932	83.958	83.509	83.568	6631	0	20
2021.02.25	23:00:00	83.565	83.701	83.528	83.625	2486	0	20
2021.02.26	00:00:00	83.587	83.763	83.514	83.659	1303	0	20
2021.02.26	01:00:00	83.659	83.818	83.613	83.640	3385	0	20
2021.02.26	02:00:00	83.641	83.733	83.132	83.388	5793	0	20
2021.02.26	03:00:00	83.385	83.490	83.337	83.352	4395	0	20
2021.02.26	04:00:00	83.353	83.391	83.236	83.299	3544	0	20
2021.02.26	05:00:00	83.298	83.351	83.212	83.302	3097	0	20
2021.02.26	06:00:00	83.304	83.361	83.007	83.112	3490	0	20
2021.02.26	07:00:00	83.112	83.231	83.084	83.172	3396	0	20
2021.02.26	08:00:00	83.172	83.281	83.051	83.064	3435	0	20
2021.02.26	09:00:00	83.064	83.098	82.848	82.992	4994	0	20
2021.02.26	10:00:00	82.992	83.228	82.918	83.160	4619	0	20
2021.02.26	11:00:00	83.161	83.185	83.016	83.137	3812	0	20
2021.02.26	12:00:00	83.135	83.137	82.646	82.653	3970	0	20
2021.02.26	13:00:00	82.652	82.835	82.229	82.386	4378	0	20
2021.02.26	14:00:00	82.386	82.591	82.266	82.438	5097	0	20
2021.02.26	15:00:00	82.441	82.765	82.423	82.754	5565	0	20
2021.02.26	16:00:00	82.751	82.916	82.620	82.676	5919	0	20
2021.02.26	17:00:00	82.676	82.857	82.434	82.510	8145	0	20
2021.02.26	18:00:00	82.514	82.608	82.234	82.280	6631	0	20
2021.02.26	19:00:00	82.280	82.442	82.236	82.346	3908	0	20
2021.02.26	20:00:00	82.346	82.428	82.234	82.238	3725	0	20
2021.02.26	21:00:00	82.240	82.279	82.100	82.195	3217	0	20
2021.02.26	22:00:00	82.192	82.238	81.983	81.996	3201	0	20
2021.02.26	23:00:00	82.003	82.137	81.983	82.078	2300	0	20
2021.03.01	00:00:00	82.153	82.264	82.091	82.234	760	0	20
2021.03.01	01:00:00	82.222	82.628	82.165	82.543	2895	0	20
2021.03.01	02:00:00	82.543	82.606	82.409	82.490	3089	0	20
2021.03.01	03:00:00	82.486	82.796	82.472	82.624	3401	0	20
2021.03.01	04:00:00	82.624	82.822	82.620	82.699	3008	0	20
2021.03.01	05:00:00	82.697	82.749	82.602	82.622	1618	0	20
2021.03.01	06:00:00	82.622	82.636	82.421	82.462	1729	0	20
2021.03.01	07:00:00	82.462	82.623	82.456	82.600	1716	0	20
2021.03.01	08:00:00	82.599	82.720	82.578	82.671	1876	0	20
2021.03.01	09:00:00	82.671	82.838	82.626	82.644	3093	0	20
2021.03.01	10:00:00	82.643	82.690	82.484	82.645	3748	0	20
2021.03.01	11:00:00	82.645	82.693	82.468	82.509	3093	0	20
2021.03.01	12:00:00	82.509	82.635	82.478	82.540	2440	0	20
2021.03.01	13:00:00	82.540	82.587	82.405	82.464	2442	0	20
2021.03.01	14:00:00	82.463	82.571	82.430	82.554	2460	0	20
2021.03.01	15:00:00	82.552	82.642	82.506	82.614	3018	0	20
2021.03.01	16:00:00	82.614	82.803	82.596	82.660	5028	0	20
2021.03.01	17:00:00	82.674	83.024	82.632	82.997	5144	0	20
2021.03.01	18:00:00	82.997	83.005	82.874	82.943	3318	0	20
2021.03.01	19:00:00	82.944	83.043	82.924	82.931	2664	0	20
2021.03.01	20:00:00	82.931	83.064	82.875	83.046	2578	0	20
2021.03.01	21:00:00	83.047	83.122	83.024	83.024	2252	0	20
2021.03.01	22:00:00	83.024	83.062	82.958	82.977	2590	0	20
2021.03.01	23:00:00	82.977	82.992	82.935	82.974	956	0	20
2021.03.02	00:00:00	82.863	83.048	82.861	82.945	959	0	35
2021.03.02	01:00:00	82.947	83.052	82.930	83.043	1241	0	20
2021.03.02	02:00:00	83.043	83.057	82.944	83.018	2447	0	20
2021.03.02	03:00:00	83.017	83.034	82.810	82.864	2935	0	20
2021.03.02	04:00:00	82.864	82.940	82.619	82.683	2703	0	20
2021.03.02	05:00:00	82.681	82.938	82.618	82.899	3331	0	20
2021.03.02	06:00:00	82.900	82.980	82.806	82.814	2325	0	20
2021.03.02	07:00:00	82.814	82.908	82.794	82.866	2439	0	20
2021.03.02	08:00:00	82.866	82.978	82.828	82.900	2324	0	20
2021.03.02	09:00:00	82.900	82.906	82.680	82.746	3331	0	20
2021.03.02	10:00:00	82.753	82.926	82.659	82.748	3633	0	20
2021.03.02	11:00:00	82.748	82.933	82.680	82.871	3500	0	20
2021.03.02	12:00:00	82.869	83.271	82.831	83.245	3191	0	20
2021.03.02	13:00:00	83.245	83.445	83.212	83.415	3071	0	20
2021.03.02	14:00:00	83.415	83.415	83.308	83.376	2459	0	20
2021.03.02	15:00:00	83.376	83.415	83.227	83.309	3053	0	20
2021.03.02	16:00:00	83.308	83.474	83.248	83.355	4861	0	20
2021.03.02	17:00:00	83.355	83.402	83.216	83.375	5748	0	20
2021.03.02	18:00:00	83.375	83.495	83.276	83.486	4873	0	20
2021.03.02	19:00:00	83.484	83.549	83.431	83.478	2820	0	20
2021.03.02	20:00:00	83.478	83.603	83.472	83.562	2380	0	20
2021.03.02	21:00:00	83.562	83.592	83.501	83.563	2295	0	20
2021.03.02	22:00:00	83.564	83.625	83.549	83.553	2607	0	20
2021.03.02	23:00:00	83.552	83.558	83.408	83.411	1027	0	20
2021.03.03	00:00:00	83.370	83.467	83.346	83.379	693	0	22
2021.03.03	01:00:00	83.379	83.542	83.379	83.522	1377	0	20
2021.03.03	02:00:00	83.522	83.695	83.473	83.626	2262	0	20
2021.03.03	03:00:00	83.626	83.682	83.562	83.638	2712	0	20
2021.03.03	04:00:00	83.642	83.670	83.579	83.582	1757	0	20
2021.03.03	05:00:00	83.582	83.650	83.568	83.592	1492	0	20
2021.03.03	06:00:00	83.592	83.634	83.562	83.570	1105	0	20
2021.03.03	07:00:00	83.570	83.607	83.498	83.534	1367	0	20
2021.03.03	08:00:00	83.532	83.594	83.450	83.523	1696	0	20
2021.03.03	09:00:00	83.526	83.698	83.501	83.635	2632	0	20
2021.03.03	10:00:00	83.635	83.671	83.542	83.617	3213	0	20
2021.03.03	11:00:00	83.617	83.746	83.577	83.694	2959	0	20
2021.03.03	12:00:00	83.695	83.703	83.594	83.603	2254	0	20
2021.03.03	13:00:00	83.602	83.612	83.531	83.578	2505	0	20
2021.03.03	14:00:00	83.577	83.621	83.520	83.530	2100	0	20
2021.03.03	15:00:00	83.530	83.530	83.176	83.267	4813	0	20
2021.03.03	16:00:00	83.267	83.373	83.115	83.268	6082	0	20
2021.03.03	17:00:00	83.268	83.463	83.225	83.398	7473	0	20
2021.03.03	18:00:00	83.400	83.503	83.347	83.478	4991	0	20
2021.03.03	19:00:00	83.478	83.478	83.383	83.409	3322	0	20
2021.03.03	20:00:00	83.408	83.464	83.387	83.451	887	0	20
